reviewId,userName,userImage,content,score,thumbsUpCount,reviewCreatedVersion,at,replyContent,repliedAt,appVersion
452baacb-dce0-48ef-b9ac-09bcb5d5fadd,Jayrin Jansen,https://play-lh.googleusercontent.com/a-/ALV-UjXsp44qlpLmEtzJgXv4U88hZKLfWrsj-mEmnyfyaUnaPvagIvw,One of the best apps,5,0,410.1.0.63.71,2026-05-17 00:08:46,,,410.1.0.63.71
707552b6-08d7-407a-b22f-f645266cba46,Md Saif,https://play-lh.googleusercontent.com/a/ACg8ocLUkx9_fDBAGIGgN3YAewfYzzUTaFo_rvmIaCpReuShbUvboQ=mo,my account ban 😭,1,0,427.0.0.47.73,2026-05-17 00:06:23,,,427.0.0.47.73
8a2f51d4-b177-445f-80b2-4c0ad423de30,wrz vx,https://play-lh.googleusercontent.com/a-/ALV-UjXNsN0R6Urppb7NK5KEyS2zAKqm006Z8czy8DtEwycN-QMr_Y4L,"Basically, personal accounts get suspended for vague reasons, while spam/explicit accounts and ads run freely on this app. This is my second private personal account to be suspended for no reason at all",1,0,,2026-05-17 00:03:12,,,
6e41aa69-592f-4e1a-a200-87ed750cfe05,Alok Kumar Sahoo,https://play-lh.googleusercontent.com/a/ACg8ocJ1W5f7b-_BR8yfmB2Y4OZHZo2HPqN-PtmjfcC6FaQdNbyVDg=mo,good,5,0,414.0.0.40.83,2026-05-17 00:02:26,,,414.0.0.40.83
42dd41ab-07f7-44b9-9fec-b70d4ab25eef,Satyabrata Hansdah,https://play-lh.googleusercontent.com/a/ACg8ocLHGyj1f7si-S8nLFwX3i8KXXLKgDZUNz5iMmCg6Uel6kRseQ=mo,increase my followers,4,0,429.1.0.44.70,2026-05-17 00:01:19,,,429.1.0.44.70
d52df9f1-02cb-412b-b5bb-7884e542e865,Dog,https://play-lh.googleusercontent.com/a/ACg8ocL0SAt58CuUPQFdMLBLArwqyG2h8bhHIxWCVRLbI8Qy98_MdA=mo,Blocking accounts without any reasons. Support is AI and not giving any solutions,1,0,,2026-05-16 23:59:33,,,
5de188d2-1c7c-49fa-99cc-d01668a609a9,brah kil,https://play-lh.googleusercontent.com/a-/ALV-UjXoKTO6T0IAt69HZD_zcnuP4KnAX8j5YaLJKVHqAG70xTzF1E4,Good App but stop banning my accounts for no reason,5,0,261.0.0.21.111,2026-05-16 23:59:08,,,261.0.0.21.111
980a0dfe-2abb-4a83-89c1-fc7bfa50150d,Panth Kothari,https://play-lh.googleusercontent.com/a/ACg8ocLrdWF55tt7bQ9xYqog59K6zfGc2p0MNwvF_t30UgxzI1_wVw=mo,dirty app noob app 🤮🤮🤮,1,0,429.1.0.44.70,2026-05-16 23:58:32,,,429.1.0.44.70
44204090-6a1f-43b9-87c3-1e2d3529ad9f,YASH,https://play-lh.googleusercontent.com/a-/ALV-UjUJr0D1jtzcZbicFvuCtsPvgcWX2Kt_X1D1wC4ADf_ZaX0KGgx9,my 8 accounts has been suspended since 10 may 😡,1,0,429.1.0.44.70,2026-05-16 23:57:56,,,429.1.0.44.70
d1422161-9be4-4a7c-a373-765827c4ef44,Magnus Bane,https://play-lh.googleusercontent.com/a-/ALV-UjUhp37GYLteJ1-1nDX4m4xb413F0_LNZthNYLQtYFspbMf6w-I,"Very bad application. After using so much AI algorithms Instagram stop working good. They starting blocking normal accounts. Closing business accounts even without breaking rules. No one answearing. They god lot of money and stopped taking care about customers, users.",1,0,,2026-05-16 23:57:28,,,
2f8ce80c-1af0-40c4-a975-af96916fda90,Hamza Pada,https://play-lh.googleusercontent.com/a/ACg8ocKlNk1bcpY2PU_NETgudsVOWljLBagODvhnJLItOelm-C8NVg=mo,had a great experience with this app this app works so nice nd had a vry grt experience,5,0,,2026-05-16 23:56:51,,,
20a81fb2-7f61-46ec-b484-2350ba316c3d,Prince Ong,https://play-lh.googleusercontent.com/a-/ALV-UjXo7yjurpp_8K843PlAKvTpahZprdrkK1QijlGoAvRp_xS6xf0q,LET US UPLOAD PICTURE IN COMMENT SECTION,5,0,335.0.0.39.93,2026-05-16 23:54:42,,,335.0.0.39.93
f21c8f02-6340-40c8-a607-1f1f854acd02,Rroza yt Yt,https://play-lh.googleusercontent.com/a-/ALV-UjXGRTHt6M7n0k5ldsPCwlNROoPunJ8vhpY7IBEJCfkvQsUikDZ4,love it,5,0,376.1.0.55.68,2026-05-16 23:54:41,,,376.1.0.55.68
aa2f0235-55e4-4261-b741-f212af9f2713,khaled istanbul,https://play-lh.googleusercontent.com/a/ACg8ocLLIl18YhB3vGO3NiV7ON20YnarRf8-DXQACFZlB7pc1A7Lfg=mo,Bad app goodbye,1,0,429.1.0.44.70,2026-05-16 23:54:07,,,429.1.0.44.70
2983045f-054b-4d63-9d8b-e93184c59d8e,Anish Ekka,https://play-lh.googleusercontent.com/a-/ALV-UjUcyu5OnKkZtLPBRGLlR03NzTH5xkJJ8HmTnHeNGw0qTyL0zC23,veryy badd insta team u suspend my all acc I have done nothing i just make acc fir meme page and they suspend thay ca say to remove content but directly suspend my all acc plus my main acc also I have done nothing byy Insta downfall,1,0,429.1.0.44.70,2026-05-16 23:53:51,,,429.1.0.44.70
ff1cd118-0e13-409f-b093-9a3b92f41726,Goddess Maria,https://play-lh.googleusercontent.com/a/ACg8ocIBz7jx69a-3tyN4qicvMsfO7GT7uSMzLu2DBa19Gk3Q7AP1A=mo,it cool but you guys should try to some times don't block people account for no reason and make it very difficult to get back because i just got mine back after a long period of blocking for no reason so pls you should try and solve that when that is solved your app will stand out best and strong,3,0,,2026-05-16 23:52:53,,,
683771c8-3888-46cb-9631-1c8a8359b934,Ovan Fadhila,https://play-lh.googleusercontent.com/a-/ALV-UjUj4mCOYGygdawHC8S55WEL9XIWiML_W3pWW613jeAKcctOyQw,nice,5,0,429.1.0.44.70,2026-05-16 23:52:30,,,429.1.0.44.70
379f8228-65bc-439d-a0d1-78c2f0e500dc,HARSH ARYA,https://play-lh.googleusercontent.com/a-/ALV-UjWXD-7F7Ncx59DzchFyAv-hR9Jydp_tWiQrkT2zLFsJzqtv_1vg,"Hey Instagram, when I post a story on my Instagram, I don't get the restyle option, so please bring it to my Instagram account somehow.",3,0,429.1.0.44.70,2026-05-16 23:52:07,,,429.1.0.44.70
3c3ae111-8788-434c-b280-4e58a4b438dc,Angel Mokoena,https://play-lh.googleusercontent.com/a-/ALV-UjX5BBnWw8_-EWkqXs4eJnmgcrx6RrkgaFS9R5agklx5vB585Bh-,I'm so disappointed cause mina won't show filters 😔😭 and other filters won't do,1,0,429.1.0.44.70,2026-05-16 23:51:45,,,429.1.0.44.70
5b22283c-6f89-4840-9abd-66f5fde55f6d,Sabbir Mansur,https://play-lh.googleusercontent.com/a/ACg8ocJO8u7D1oSEerLTStzcH0ySfYjKABYF5PCzBm8i8nQxRCebmA=mo,good,5,0,427.0.0.47.73,2026-05-16 23:51:00,,,427.0.0.47.73
49a621bc-bfe5-4479-821b-47ae1088c4b3,Weddy Karimi,https://play-lh.googleusercontent.com/a/ACg8ocKwm27Vo4a8RfLseqvRDu_4C-H1_N6OESXJUPXYa2rhIYb2Wg=mo,to work with it,5,0,429.1.0.44.70,2026-05-16 23:50:59,,,429.1.0.44.70
3cbc720d-c10f-4ccf-8a93-c909cba5989f,Rocky,https://play-lh.googleusercontent.com/a-/ALV-UjUoSDfHVBb4BbYUwJRD6V9N2Bow4xjfjkEUOxq1Kqi3qvTrEMewjA,I dont have the carousel feature.,1,0,428.0.0.47.67,2026-05-16 23:50:34,,,428.0.0.47.67
97d75346-6526-45f1-904a-18080564cfe1,Haydn Dorsey,https://play-lh.googleusercontent.com/a-/ALV-UjV4NgpWBZUFmj8prCJ1KxUSLOz0XamRn1KfKKGAfBcMvjXJvFY,live laugh love insta!,5,0,429.1.0.44.70,2026-05-16 23:50:07,,,429.1.0.44.70
80d42056-7237-4bff-b989-cccefb58e732,Malek,https://play-lh.googleusercontent.com/a-/ALV-UjXBF38pKHBGcwGBEevbu6kBerL7fhztxOgRgfoIULJGsIP27io,the repost button suddenly disappeared,1,0,,2026-05-16 23:49:47,,,
0443395f-0620-487b-8452-8f4743ef8f21,Víctor C.S.,https://play-lh.googleusercontent.com/a-/ALV-UjWiRTV1_alnM8KpJnGKcVI_0I6p2jJL73Z8M8pbgJeWYe5DpAyXQg,"When you tap on a picture to see it and then go back to the photo list in an account, it doesn't remember where you left off and goes back to the top every time. Also, the UI bug in Pixel 7 pro phones persists. Posts that are 2 pictures or more always start at the second picture.",3,8,429.1.0.44.70,2026-05-16 23:49:47,,,429.1.0.44.70
7a2da663-8b10-44d8-a7a8-a3ff4b3cebbc,Avit warkdhe,https://play-lh.googleusercontent.com/a/ACg8ocJN2Koz_HCign2q04az9dS9ZrCKV97UGag_dJz3t8YjzAeXrLQ=mo,Instagram ke kuch popular features: Stories — 24 ghante ke liye photo/video share kar sakte ho Reels — Short entertaining videos banane ka feature Posts — Photos aur videos feed me upload karna Live — Followers ke saath live video chat DM (Direct Message) — Private chatting aur media sharing Highlights — Important stories ko profile par save karna Filters & Effects — Photos/videos ko stylish banana Close Friends — Sirf selected logon ko story dikhana Notes — Chhota status/text update la,4,0,,2026-05-16 23:49:02,,,
1cbd5677-2332-464b-84ab-91e4e5ce4ea8,Adom,https://play-lh.googleusercontent.com/a-/ALV-UjWAFnHxfCW2sluoOp4wqR_wT2Hm2Sq-LUbJA0k3KwysMT2-KzzGgQ,GIVE US BACK END TO END ENCRYPTION AND GET RID OF THE AI NONSENSE. DONT TRAIN AI ON ANY OF OUR THINGS. GET RID OF AI.,1,0,,2026-05-16 23:48:35,,,
25451ae4-cd0c-403d-bfad-1a5321181d6c,Moti supia Moti supia,https://play-lh.googleusercontent.com/a/ACg8ocKeQWNZKpY0qB0uNfDS_1UvOV5I9X1hnY-qJVXQe1kAizeE8w=mo,time pass Instagram user 3 star,3,0,,2026-05-16 23:47:24,,,
54d48b55-0c5c-47d2-ac92-5f9075c3b4bf,Syed Altamash,https://play-lh.googleusercontent.com/a-/ALV-UjUYojNUfRsmvaWBHxmqwA9dqIDxEgQgLkkUDYimnWmlYI9d_bM,amazin,5,0,429.1.0.44.70,2026-05-16 23:46:32,,,429.1.0.44.70
e309d252-6da9-4389-b327-2d7072e03ae8,Salma Umma,https://play-lh.googleusercontent.com/a/ACg8ocLc2bXvdHPH23F6XUX-ppeTGy_M1M3UsnyFSrwSFv4-WK8K5qA=mo,no problems :),5,0,300.0.0.29.110,2026-05-16 23:44:26,,,300.0.0.29.110
a1ff9df1-ee07-49c9-8f0b-6e7f8fdd453b,Abuja Gazi,https://play-lh.googleusercontent.com/a/ACg8ocKj0vIprbP65Eb2EJcsygDu9nOxR5sMcqtwtwytH3_QAaaYRg=mo,abujar Gazi,5,0,,2026-05-16 23:43:14,,,
12ee4caf-1c37-4d02-92c2-9624be70b209,Irshad Kv,https://play-lh.googleusercontent.com/a-/ALV-UjUnL0LrKzVoSLX_ZWOhlitsAbcHo9aO8o4Pi0yHVtSeRDP5YqnGuw,normal people's acc banning for no reason,1,0,429.1.0.44.70,2026-05-16 23:42:45,,,429.1.0.44.70
dc2701cf-cd50-4235-ad12-8553f8b61b71,Jit Duley,https://play-lh.googleusercontent.com/a/ACg8ocLrnqsIUKXe7wZihQAyhGhjvajSJNZ4sO-jCWyN_74zWLcgHA=mo,This app is teaching me something new. I will be very grateful. Thank you Instagram.,5,0,,2026-05-16 23:41:15,,,
5ca60cbd-dcaf-428d-b7dc-aa77a6cbd3d9,Julie Morris,https://play-lh.googleusercontent.com/a-/ALV-UjWphbDsTnfTh1jloGS8EoZkSkMrBtR5ozfjpbpY4yUx6K99YjK48g,"Educational, funny, and totally relaxing. You can really unwind, looking through so many beautiful, interesting and funny videos.",5,0,429.1.0.44.70,2026-05-16 23:41:15,,,429.1.0.44.70
46055f26-6814-41a9-bf1d-2805b39b4e97,Akeel Mo akeel,https://play-lh.googleusercontent.com/a/ACg8ocKr_jCL_tKqBK8GG44PKfQcEWlSQ5hvDfjRdQFwNAc19IUClg=mo,mo akeelfceeercvbn,5,0,429.1.0.44.70,2026-05-16 23:40:14,,,429.1.0.44.70
dfc0286c-f22c-4f0e-b55a-434f59a12ee1,Vishal panchal,https://play-lh.googleusercontent.com/a-/ALV-UjVo8En5WuSWPACDcQelYEiwy_54eP5IwCkm6mC4sjpV7fDUYtVD,excellent,5,0,304.0.0.35.106,2026-05-16 23:40:00,,,304.0.0.35.106
70ada59e-7646-43c0-b176-f147647b5050,girraj dhakad,https://play-lh.googleusercontent.com/a-/ALV-UjWctvdtvPeq27_SF8a_xn47okdF5DbAon7jqS0nQy72_qcP24vJCw,best,5,0,419.0.0.49.71,2026-05-16 23:39:13,,,419.0.0.49.71
542bd423-04f9-49a8-aac0-609d73ea3800,Aiyush Chand,https://play-lh.googleusercontent.com/a-/ALV-UjVqbkDuFaLoJqD-1YUOApb4Dgkk-Sa7EJOhf2nn3N5o1Z05Vfs,for no reason it suspended my 2 account,1,0,,2026-05-16 23:39:03,,,
c48ff493-909e-4dc3-af91-a856129e2558,Somveer Kumar,https://play-lh.googleusercontent.com/a/ACg8ocJzMinn8rwBWP314celAkaGnPamvG1W570hw5xbKuDIJxYzyA=mo,"I believe this is a mistake as I have always followed all community guidelines and terms of service. I request you to please review my account and reactivate it as soon as possible. Thank you for your time and assistance.'""",5,0,429.1.0.44.70,2026-05-16 23:38:32,,,429.1.0.44.70
b405a157-9b55-4bed-81a5-7d2fa5299199,Shakib Prince,https://play-lh.googleusercontent.com/a-/ALV-UjVpffNPoBKdHUTeBslyNblCD6K_bGNIqBiXe0Yl7i5iG9f2VYG0,My Instagram account suspended. Why Instagram ?,1,0,428.0.0.47.67,2026-05-16 23:36:31,,,428.0.0.47.67
8e8afefb-5789-4115-ac6c-9ccd53ba0250,Sumitra Kumari,https://play-lh.googleusercontent.com/a/ACg8ocJPB0iG8HcUC8NkbyWLiiP-_FueBzx5mLLFBJVrW3rk7zGslA=mo,yadav sarkar,3,0,,2026-05-16 23:36:06,,,
db5f5472-d349-481b-8d1e-7f1c7226f295,Ayesha Abid,https://play-lh.googleusercontent.com/a-/ALV-UjWCRSwYz6wCKRhEsO-j3z5RqsESv5XXnzDFqiM64dnZdrHSbw,This app is very entertaining 🤌,5,0,429.1.0.44.70,2026-05-16 23:35:59,,,429.1.0.44.70
d27f9ac9-5ffa-47df-8bef-971d814d1e56,Shubham Kamble,https://play-lh.googleusercontent.com/a-/ALV-UjWkvkwgok3WO9dpiTnpwtrdHp-UQNyvfyB90V9ahNF0ToHCpbY,timepass is man insta love and mast,3,0,429.1.0.44.70,2026-05-16 23:33:21,,,429.1.0.44.70
67facc7f-bc52-41f8-b021-4f9e1055190e,Hanif Khan,https://play-lh.googleusercontent.com/a/ACg8ocIb9NWUkhfcr4A4KgTdbzCw42PFNoFETA4DivpdmFSucD_U7w=mo,xx eeeecccc xxxx English film xxxxx mmmm blue filmxx eeee cccc e,5,0,,2026-05-16 23:32:42,,,
0817d490-f736-4d02-8661-1a2953f2f654,buddhiman meena,https://play-lh.googleusercontent.com/a-/ALV-UjVdv0cDwjOWGysnnmRppcxGuNbEoglr5ZOvB_fLf0FOslWWXr_F,my account saspend,5,0,428.0.0.47.67,2026-05-16 23:31:57,,,428.0.0.47.67
016281ce-2846-4671-b8bf-2331e9738694,Ishmeet Kour Reel,https://play-lh.googleusercontent.com/a-/ALV-UjVE1LSNSaTWe_k03YwZGwQcWgnHOBpy_iTQKe3j_zDzqzW4Nu5I,all things is good but pls provide us an option of select all in likes section where I can select all reels & unlike all of them in just one click so pls,4,0,429.1.0.44.70,2026-05-16 23:30:37,,,429.1.0.44.70
59c6f614-7e88-451a-8816-29785aa4f9c6,Mr. Vikash Tiwari,https://play-lh.googleusercontent.com/a-/ALV-UjUH7acbJhdpYZUMh2hwGO0IfwIU4AD5MYl4CMKjqaK3R0BHjSc_Ig,"My ID has been renewed, I have received the mail, my ID is back but I am not able to login, now Instagram has become a rubbish app",1,0,429.1.0.44.70,2026-05-16 23:30:05,,,429.1.0.44.70
13a632fa-3e9c-44ee-bf0a-cc4e70981e83,Julianahfolasade Ogundokun,https://play-lh.googleusercontent.com/a/ACg8ocJrVTJwzFcHCv4uCnFumT07ziWu53qFhtypA5cvY1FwTWvc9A=mo,Instagram have help me a lot I have been connected on Instagram,4,0,422.0.0.44.64,2026-05-16 23:29:54,,,422.0.0.44.64
6d3d5601-484c-4b03-91a2-674b8d419ac3,Akash Deep,https://play-lh.googleusercontent.com/a/ACg8ocKP544700hxRvGA8p4QpAHfD6GkSZn7AbbEEPgvGR6Ls9Sv9A=mo,pls unbeen my account 🙏,5,0,,2026-05-16 23:29:43,,,
da73f74d-6924-4e24-9a0a-60641cb89034,Prem Rawla,https://play-lh.googleusercontent.com/a/ACg8ocI4zMIrNZdTGlwRzERgmroiSaelPm3afCA2FBrYsGq0EJ7xiA=mo,remove my account please,5,0,,2026-05-16 23:29:03,,,
d96923f9-0791-43cc-ab66-95c0e00bee24,Bakri Mobayed,https://play-lh.googleusercontent.com/a-/ALV-UjULBtwrrUWKOVKJZtG9mga0b7wAZ2TRmesDNwR3yI-RQbqkvwA,last updated have bug application not able to open,1,0,,2026-05-16 23:28:43,,,
29265405-9e44-4e2e-aca3-4e2e7b283bd4,nayi krish,https://play-lh.googleusercontent.com/a-/ALV-UjXkM5qZ15CvK3nnkOxEZysl56t4nUYwMh3o5lUmRLm7hsG8mm7Y,"Your Instagram account was disabled because it is linked to another account that violated platform rules. It can be incredibly frustrating to lose access to your profile, especially when it stems from a secondary account, but there are clear steps you can take to try and resolve this. Why This Happened Account Linking: Meta links profiles using shared phone numbers, emails, IP addresses, or device IDs. Shared Penalty: If one account gets suspended for policy violations, Instagram frequently d",5,0,410.1.0.63.71,2026-05-16 23:27:20,,,410.1.0.63.71
070dae1b-2fee-47dc-9ca6-8c24723e2cbe,Umair Dawar,https://play-lh.googleusercontent.com/a/ACg8ocLpK_6A7u5ZLB-nGzkcTuuuV85rdlIKwD6G-Iv3fQP7MXO_rg=mo,this app is very good for using,5,0,,2026-05-16 23:26:07,,,
d8baad78-cebc-43a2-8288-a76ad45db7d2,Tanvir Lodi,https://play-lh.googleusercontent.com/a/ACg8ocJjQyYCWGYzj9WJDgU0HsseuvckW_mHGDOL91m_FgAj42KI3Q=mo,Great App,5,0,429.1.0.44.70,2026-05-16 23:25:58,,,429.1.0.44.70
e424cdb1-3adb-447d-b6c5-a307b08e981f,Yasmin Mollick,https://play-lh.googleusercontent.com/a/ACg8ocJz8c6zkOeSyfR-a_4w4UH4i0M-GFUOl3Xs78WNfbshc_Y5Jg=mo,"I've been experiencing major technical issues with Instagram lately. My account was suspended today, and while I attempted to appeal the decision, I never received the verification code in my email. Thinking it might refresh the session, I logged out, but now I'm completely locked out. Even the 'forgotten password' route fails, showing 'unable to log in, please try again later.' This is incredibly frustrating. Please look into these login bugs and fix this as soon as possible... ( spider.blex )",1,0,429.1.0.44.70,2026-05-16 23:25:31,,,429.1.0.44.70
dc6f37fa-0c52-4c9b-a640-09078cfbd046,Bharat Vasne,https://play-lh.googleusercontent.com/a-/ALV-UjU99qHCVdc472g75JyqA5QEBdKKgd-DiP2ZYV5bWVtvNuf13Wlp,very nice app ❤️💯🥰,5,0,334.0.0.42.95,2026-05-16 23:23:01,,,334.0.0.42.95
bb95ec0b-bb42-4fda-b561-42ee966a55a7,KOOK SMOOTHIN,https://play-lh.googleusercontent.com/a/ACg8ocLsl5UFPnJtDxX5RwUKYSmvXYwETc0L_PZbd3ET7Fmp1_gCEA=mo,very smoothin,5,0,422.0.0.44.64,2026-05-16 23:17:34,,,422.0.0.44.64
8ff6af25-7a9f-4193-a2a2-ac175208383f,Chetan Kumar,https://play-lh.googleusercontent.com/a-/ALV-UjVrjjevLldErWoxoKDo501a-SNtTAqx3e-GvdRq8W0IqtEOmvdh,"I’m facing multiple issues with Instagram/Facebook integration. 1. My Instagram profile is not connecting properly to my Facebook Page, affecting monetization features. 2. Tax info/payout login keeps failing, so I can’t complete verification. 3. Subscription Preview only shows 1 picture instead of multiple posts. Monetization and creator tools also load inconsistently with random setup errors. Please fix these issues soon.",1,0,429.1.0.44.70,2026-05-16 23:17:25,,,429.1.0.44.70
141bed14-8fdc-4772-ba3b-a5c4177b139f,Shiv Balaji,https://play-lh.googleusercontent.com/a/ACg8ocIWqfizss-FMryIt4Z7tcbFQFL5vEUtURm8qr5QdzuFBGO7SQ=mo,excellent,5,0,,2026-05-16 23:17:06,,,
87f119d3-9cea-4f2d-9867-66abce052b50,Ahmed Ahmed,https://play-lh.googleusercontent.com/a-/ALV-UjX8MlYFj6cqUzqxoLCrQeOQinPZj0kLBuNTC7CRUdC5t0hZ-FF9,it's amazing and faster than tik tok,4,0,,2026-05-16 23:15:03,,,
dbb041d1-f950-4c57-b288-062a82797a0a,shubh Bhardwaj,https://play-lh.googleusercontent.com/a-/ALV-UjVOmAHnuEdrq9VFcBXUdocG8KFerwr4HuL77omPV91Y2lMmdcxC,very bad,1,0,394.0.0.46.81,2026-05-16 23:14:14,,,394.0.0.46.81
0c530706-61c3-46e1-9619-26486bdc95d6,Shaik Zubair,https://play-lh.googleusercontent.com/a/ACg8ocJAdEmvEKczSN9RqZgmUU-DxSfymc4iD4s9P3e90_0bSsIZVw=mo,ap excellent iam happy but i am not getting views and likes i think my account for stuck kindly check ones username :- zbx.vision,5,0,,2026-05-16 23:12:27,,,
1a06929a-3607-4015-acdf-faf6fcaf738a,Heena Khatun,https://play-lh.googleusercontent.com/a-/ALV-UjV_YSCYwrI4FfI7_B79j8zCutLYCMQO3_8JD6bgi4uW8dusLAY,good app,5,0,,2026-05-16 23:12:21,,,
4930b192-5c6b-40a9-8cd6-04161652c6d3,Dr.Muhammad Javaid,https://play-lh.googleusercontent.com/a/ACg8ocKj_pDyMsdy9Ta2VR8d9tSl2Dt5LUpoNWRfgDXjRdI40oKK8w=mo,Good,5,0,,2026-05-16 23:12:18,,,
1c86cf38-1209-42ea-9d1d-ea136eab90bf,Sameer Khan,https://play-lh.googleusercontent.com/a-/ALV-UjXq6Z6OWypeYRsz5Mzg0GP1r773zo8V59nthlLhTOnHzWvuFE0,insta id hryyyy__09,5,0,339.0.0.30.105,2026-05-16 23:11:02,,,339.0.0.30.105
467e10f7-000d-479e-97f8-776ec83c7cd0,Suriya Kumar,https://play-lh.googleusercontent.com/a-/ALV-UjUyEZquwz6JLJhs5RCUE7FcMbWJiTKF6KJrP6hsH12RqTlWw5U,good,5,0,297.0.0.33.109,2026-05-16 23:09:37,,,297.0.0.33.109
1d1cbc7b-8f95-46b0-a68e-b0c684bd2295,Arjun moni Borah,https://play-lh.googleusercontent.com/a/ACg8ocIv1I7FVNoIsUKYMQZAu0kt6LFf2nTN5TVGka1NA5MXPEDydQ=mo,my internet id for hack,5,0,428.0.0.47.67,2026-05-16 23:08:30,,,428.0.0.47.67
bc666f2e-0329-4b0f-b16e-538912584221,Aaryan Wilson,https://play-lh.googleusercontent.com/a-/ALV-UjXdbezThAy6p84d2FGZ1tlaKl_Q8eW7zn95Lp0zZ_CUPkLmzc7b,w app bro but I doom scroll too much currently no photos but yeah I'll start uploading soon,5,0,,2026-05-16 23:07:24,,,
6fccf774-53b6-4448-bedb-0f2dece9ebdd,Ragini Nishad,https://play-lh.googleusercontent.com/a/ACg8ocLxc02e8ec6KSoFhwswUq63YIvN03T7O_LQPQLMd8DBgsETfQ=mo,nice aap for you all visit this aap excellent 👍👌,5,0,,2026-05-16 23:06:34,,,
e00aade1-f5d0-42f9-9cdb-48db17d7edd2,Morgan McLovin,https://play-lh.googleusercontent.com/a-/ALV-UjWDiSfnwHwcWmNJ9a-CE2xxQ8ziT0AVmhhnfdeGtxWJXxKrarKE,Keep shadowbanning my favorite creators and promoting misinformation and violence; now it's using Samsung internet by default eventhough i have it disabled. literally raping me with AI now😭 i hate you zuck I cant even search videos....its giving me a written ai response?? so unhelpful,1,1,429.1.0.44.70,2026-05-16 23:05:36,,,429.1.0.44.70
7041d423-5db0-45fe-8322-0337631bbb67,Hermes Ngaiza,https://play-lh.googleusercontent.com/a-/ALV-UjUYYFctcrWNVMdbCVf-B0D-t4PR516H_Nekg5ejd_yPtHXo_sE,Thank you for the good stuff on here. I should really get paid in this business. Thanks,5,0,385.0.0.47.74,2026-05-16 23:04:18,,,385.0.0.47.74
1d09c466-a38e-4e1e-b497-e3c1bc8f0545,Shumaila Idrees,https://play-lh.googleusercontent.com/a/ACg8ocJ4sRBeADZ5f9rwIOiUZdP9uwrWIIblq7o0hI75jmq-hU3ebw=mo,dear Instagram team! my account ( sky._.xngel)has been suspended please 🥺 recovery my account as well as possible 🙏🏻😭,3,0,429.1.0.44.70,2026-05-16 23:04:13,,,429.1.0.44.70
52baf26e-f1d1-47b4-bcd3-dff5e6bd7f78,Ankit Yadav,https://play-lh.googleusercontent.com/a-/ALV-UjWHH9_1ZtzzylpP875hEdBNVE6XP0IeVvwnywMi1hE7WiMuKHMQ,frzi aap h,5,0,428.0.0.47.67,2026-05-16 23:03:21,,,428.0.0.47.67
c09bc229-f28a-4370-9af0-1c2b09bb204a,Asif Asif,https://play-lh.googleusercontent.com/a/ACg8ocJf_p5tjLWWTG-WWHk_Ri76sl_JSMV6y0fTlQ05GBibN3SbQw=mo,A app with all in one features.,5,0,429.1.0.44.70,2026-05-16 23:03:07,,,429.1.0.44.70
bd999260-8d14-49ae-82b6-d89f5db60f48,Manju Manu abhi,https://play-lh.googleusercontent.com/a/ACg8ocLcG5EqjRI1Hj_60ZVty75jxChRsy47ZWmGHUG6G2mc3kX6-Q=mo,The meta verified badge price is high,3,0,425.0.0.47.61,2026-05-16 23:02:25,,,425.0.0.47.61
bce1074c-08dd-4b06-926a-097c14abba0c,Arijul Mondal,https://play-lh.googleusercontent.com/a/ACg8ocKPqjYRKOf3Ldws6D9jEVFvX5A2HGSsB27L9ZGUlaBvdhsbgQ=mo,আমার প্রোফাইল এ পোস্ট অপশন এর জায়গায় ফ্রেন্ড অপশন দেখাচ্ছে। কিন্তু আমি আগের মতই পোস্ট অপশন টা ফিরে পেতে চাই ।,1,0,,2026-05-16 23:02:16,,,
8372ef82-9911-4525-af34-f3800c6e28be,Aneek Khalid,https://play-lh.googleusercontent.com/a-/ALV-UjW57e6Uq9kaBhfSFvOEbpu809Lns-CdOOqAR7-tu_YihwhRep_Qbg,plzzz open my Instagram,5,0,428.0.0.47.67,2026-05-16 23:01:13,,,428.0.0.47.67
68d6b982-3b58-4f3d-84da-f7451f3cedcb,Aruna Kanna,https://play-lh.googleusercontent.com/a/ACg8ocIdQeEhQqn4T6S3DvppmcX-iNvIklZLBedtmS7CuMrxvZkYAg=mo,good,5,0,344.1.0.42.92,2026-05-16 23:01:05,,,344.1.0.42.92
f0ecc42d-c2d9-4fef-a5e5-1d6af44993f0,Salma Khatun,https://play-lh.googleusercontent.com/a/ACg8ocIJvOiln8T7IlUmQQx6TNNQfWRcvoeeUm1iAatil435rOvR0Q=mo,so good,5,0,426.0.0.37.68,2026-05-16 22:59:20,,,426.0.0.37.68
47a3cec9-9f3e-4a56-8bd3-2e8baed53be8,Leonard Sampa Kabwe,https://play-lh.googleusercontent.com/a/ACg8ocJ1lL3Qy6zrfvL0GSbisYAYAEiupf-TM_X4pqBqCTzVmOm5YQ=mo,"what's with the screen that comes up every time I press not interested on a video, it has a small x and undo on it ,",1,0,429.1.0.44.70,2026-05-16 22:59:03,,,429.1.0.44.70
a7e5e434-3039-4728-b137-353fff426e34,Lahadi Ademu,https://play-lh.googleusercontent.com/a/ACg8ocIBgyWTzbBHk15hbSNFhDIO8kjLYtUT_LWHhEbQXKcShHP_Vg=mo,I love this which is very perfect,5,0,,2026-05-16 22:58:45,,,
cdc986ba-f712-49c5-bf06-0adaee04261c,Aakash Sahani,https://play-lh.googleusercontent.com/a/ACg8ocJO_X2tEMJr_eDk4KvXckfaPukydMJLAC04dwbwrVdEzS3-NQ=mo,Horrible app,1,0,425.0.0.47.61,2026-05-16 22:58:24,,,425.0.0.47.61
029dd809-9f67-407b-9f7f-67af9485748a,Abhishek Meena,https://play-lh.googleusercontent.com/a-/ALV-UjU_uCVBhZbpwclkpVt9by4M29ZShhlchahhyWZ0OCA0r1isN1gd,It was good but now frustrated with this App 😤 Again And Again suspending and deleting my insta pages & Account without any clear reason no manual review available.,1,0,429.1.0.44.70,2026-05-16 22:58:20,,,429.1.0.44.70
f39708be-981e-4352-9a7f-831cdb4557c5,Jessica Angel Torres,https://play-lh.googleusercontent.com/a-/ALV-UjUig3MmEUqrhcaHZGtPH_m540loCRscVF_SbCOXLePLKgs5N5qd,pretty cool,5,0,428.0.0.47.67,2026-05-16 22:58:04,,,428.0.0.47.67
a1ed6c6d-2e08-4fe4-97ab-e93f041976ce,Aryan Sikhwal,https://play-lh.googleusercontent.com/a/ACg8ocIb94WgY-EJif8lABZ_deIOcBoTsv70rwjeT7p53Iv_wehJig=mo,good to go,5,0,429.1.0.44.70,2026-05-16 22:57:23,,,429.1.0.44.70
1228ff4d-695a-4b74-beb7-b430d6161766,Arati Dehury,https://play-lh.googleusercontent.com/a/ACg8ocJUADImh3fp2klTzUKqPQ_WQIg12e9-u--rz3f6L5fwyhKjrA=mo,This is very amazing. I really love it... I like every thing of this app but when I installed this app I don't want to study more like in my prime time I distracted by this. That's why I rate it 4 out of 5. if you study well like in your prime so please don't install it if you install it then know that this app is the biggest distraction. THANK YOU. HAVE A NICE AND CHEERFUL DAY AND LIFE AHEAD. BIIIE 🤝👋👋,4,0,429.1.0.44.70,2026-05-16 22:56:47,,,429.1.0.44.70
c347a59c-973b-4fe0-a55f-69ae7ec96f49,Eda Ilumba,https://play-lh.googleusercontent.com/a/ACg8ocJGVdZrEKT-f9ScrQTv0w57QBeLVTrfGkGKfHUR7oFvtGfTXw=mo,"I am extremely disappointed with Instagram for disabling my account without giving a clear reason or proper explanation. I have always tried to follow the Community Guidelines, yet my account was suddenly suspended and even affected my connected Facebook account. It’s frustrating to lose access to personal memories, messages, and connections because of what seems to be a mistake with no fair support process. Many users are experiencing the same issue and deserve real assistance.",1,0,426.0.0.37.68,2026-05-16 22:56:34,,,426.0.0.37.68
36921f02-9952-4a7d-a26f-2e2301442efd,Areeba Cuty,https://play-lh.googleusercontent.com/a-/ALV-UjUI8RONVaUxAjDuoeUW0NVop-BAOQN4X4teQPdoIcHyRlLZr-U,🖤🖤🖤,5,0,,2026-05-16 22:56:28,,,
d6e2c40e-0ff1-455d-a2c3-623ff5dce492,Shiv “Shiv”,https://play-lh.googleusercontent.com/a-/ALV-UjUpmyetNVI-e5DPNFU05xVAc6X72g88ki4e1NcfNKGQu0AnX7NA,excellent app 👌🏿,5,0,,2026-05-16 22:56:13,,,
93b633e9-01c4-4424-80c3-c2dc2fc3d066,Arvind Kumar,https://play-lh.googleusercontent.com/a/ACg8ocIKyQ66vUsPneqaO5jtxLW12BtbcR0pWvW94s3BFjiM65gHoA=mo,thanks you Instagram 50k complete,5,0,,2026-05-16 22:53:59,,,
3290acc0-39e1-49e4-8ad5-93890ed7ed78,Naga Charan,https://play-lh.googleusercontent.com/a/ACg8ocLhhxvQZUaCTuYNWeqI_F0kxLcccwOHVlOKM7rm6Ds5l9NDzA=mo,very good app,5,0,383.1.0.48.78,2026-05-16 22:53:58,,,383.1.0.48.78
d80b4f7a-4c63-4def-9733-adc7a985b039,Fizza,https://play-lh.googleusercontent.com/a/ACg8ocKHlAcDgsloSvJdjPIMV7vNrKAPTia7K9SBMA4cugVBqjRx3w=mo,I love it,5,0,,2026-05-16 22:53:31,,,
573e4485-adaf-48d0-8ed0-38e82fa4d94c,Purva Pawar,https://play-lh.googleusercontent.com/a-/ALV-UjVb-HMM6kRlFXB-HstN_xGqh-InwPejUA876fTeJJIVLGgzhhE,❤️👍,5,0,429.1.0.44.70,2026-05-16 22:52:27,,,429.1.0.44.70
4eb0fe73-eb88-4b3c-96d6-b6770c945732,Soheib Sadia,https://play-lh.googleusercontent.com/a/ACg8ocJIY5aRUja6j_qM4Hy6a9E2LKDyOt4FAcrzHblaqH5XvdRbLQ=mo,تبنيد بظلم,3,0,429.1.0.44.70,2026-05-16 22:52:02,,,429.1.0.44.70
574669f2-ffdd-4c4f-9c3f-44145b37cc30,Sinai Domingo,https://play-lh.googleusercontent.com/a/ACg8ocL8DqyY3SblBFqWkjx0lW1ipy6C4pOJxSh5fM9zvdmbvSHiM4E=mo,Instagram removed my comments cause I identify as a frying pan 😔 disappointed,4,0,429.1.0.44.70,2026-05-16 22:50:41,,,429.1.0.44.70
80e314e9-37da-46ee-bcd4-4a770d440ec5,Shivam Singh,https://play-lh.googleusercontent.com/a-/ALV-UjUUO1tMOeaUl4DcJyW-ThRyrU3mxEHjo9rGBCyxF9X1c6N66L8,Instagram Na mara accha Account ko bhi suspended kiya .. aur mara jitni id the Shara suspended kar diya hai .. bewajah account ko suspend kar raha hai Instagram..,1,0,,2026-05-16 22:50:05,,,
3f68dbb7-23c4-48fb-b1f2-1528ba6584d1,Rahul Kumar,https://play-lh.googleusercontent.com/a/ACg8ocJ5E3DRL5PtxEBLsns9vN5Wx53qSujeBoU_pVREUmN41RC1hw=mo,"Why did you suspend my Insta ID, What mistake did I make that my ID was suspended? You guys, my ID is still in u suspended .",1,0,,2026-05-16 22:49:00,,,
6a05283f-66ea-4db5-917e-3a7ad6293ed2,Moin Mansuri,https://play-lh.googleusercontent.com/a-/ALV-UjVaNqHgvizBBfyhzz4-zcT0sHMdcHtA2ER9zsY47T0rs12_ncTh,insta Good,5,0,429.1.0.44.70,2026-05-16 22:48:09,,,429.1.0.44.70
0ec1204f-9146-4181-a9f9-a0e0181331d4,Rahul Vinayak,https://play-lh.googleusercontent.com/a/ACg8ocLCgWeS1wBrKe16jqkes2Rz74cK-D3TbSSxMWB4BQUfjDmt437y=mo,i am very disappointed with this app. Instagram is banning accounts without any warning and without any reason. This is my request to fix this if it is a bug or if it is not a bug so please don't do this to the users. if anyone wants to hide ita identity due to some reasons then what's the problem in that. My 10 accounts are banned with integrity i haven't done anything wrong with those accounts. this is my humble request to Instagram team not to do this again with users.,1,0,362.0.0.33.241,2026-05-16 22:47:52,,,362.0.0.33.241
1a7e35c4-8fc5-4e13-aa93-5d112be5a58c,Mdaavesh Aavesh,https://play-lh.googleusercontent.com/a/ACg8ocLwLDStKoOwbbP_AiWlNJ877zo3txccbpXBimBVln20Y1YKFg=mo,good,4,0,,2026-05-16 22:47:51,,,
736dd324-e610-457b-b76c-77927d8bec66,Mira Yadav,https://play-lh.googleusercontent.com/a/ACg8ocKMYkid0L-fHMG69JAsJ0nAv3dvDIbbMElA1IXuA3A_jCQZYA=mo,no follow my account,1,0,425.0.0.47.61,2026-05-16 22:47:31,,,425.0.0.47.61
bffac6aa-3204-4a3f-91d3-f19e384521f5,Yulia Mesfin,https://play-lh.googleusercontent.com/a/ACg8ocJ2qsxJ7kDGKztZ6o73-ONOat92Rncu01Km2T7_LzPzjC1xBQ=mo,"this app is cool but we users need a profile view function also notification that can tell us who unfollow or remove us from following list just as u let us know who follow us, like come on be more useful i mean of course i appreciate how this app helps me and i enjoy it but be more update full with things that help ur users ,,be more functional",3,0,,2026-05-16 22:47:13,,,
1d741d54-646b-4d6f-a344-f259efb20e0e,Rahin Shaikh,https://play-lh.googleusercontent.com/a/ACg8ocJjB0FJfPfa0DN7hvTk7m5moU-pnq5WK8L3KgX4pWgGJ-OdJQ=mo,best for couples,5,0,329.0.0.41.93,2026-05-16 22:44:08,,,329.0.0.41.93
452c2a82-3375-4e1b-ae07-c3b396399b0b,Kalu lala x3 Lala,https://play-lh.googleusercontent.com/a-/ALV-UjX1XXOAsatyksckHMYVV2tAE2LlPmiqA4CgySoI3dlYOirEW0Y,स्टाइलिश जावेद लाल,5,1,428.0.0.47.67,2026-05-16 22:43:11,,,428.0.0.47.67
1b23aac7-9362-4678-8f54-bed4ae3fb710,Tanmay Das,https://play-lh.googleusercontent.com/a/ACg8ocJa0wGfmpWDkSrtcwFgtt7hfjjOt9Vv9datbcsdyUikJD_iSg=mo,nice app,5,0,428.0.0.47.67,2026-05-16 22:42:50,,,428.0.0.47.67
86a8a638-7da7-4053-a298-6582f49951d8,Shajar saith,https://play-lh.googleusercontent.com/a-/ALV-UjXMEzBt6A9YJ0YRnn8rwr0uaZkipqjmBdkBoWgFccModKng0-ij,it's fame,5,1,429.1.0.44.70,2026-05-16 22:42:49,,,429.1.0.44.70
b5c1957f-ba17-433c-8c1b-ca7cc640426f,Didou Didou,https://play-lh.googleusercontent.com/a/ACg8ocI22k0zrlERVpFOz2Dvgb1Qy4caUl_dhrfQ9C-oV469FWZ7iA=mo,very good,5,0,429.1.0.44.70,2026-05-16 22:42:47,,,429.1.0.44.70
e2128021-1cf2-4569-af58-8042b3834f5f,SUJAY,https://play-lh.googleusercontent.com/a-/ALV-UjWV6pZis3CjLuTrGk2QGgXRjvCb42ta23fKr1saoX0NVAMfpcIH5A,improve data security instead of unnecessary features,1,0,429.1.0.44.70,2026-05-16 22:39:50,,,429.1.0.44.70
9a6d32a6-dc37-478c-93af-e40cd9d7ac5d,Israe Fakake,https://play-lh.googleusercontent.com/a/ACg8ocLnUIsijXu0BK9Gv6CE1INWm2s4wbJE4gZCY-IqMWspjfAZAQ=mo,i liket,5,0,,2026-05-16 22:39:41,,,
7fc5bbdc-4842-4a0d-987e-791dd3a800fc,Jedha Ram,https://play-lh.googleusercontent.com/a/ACg8ocIXOWMfWO9-rBC2RySGQyNiV1MHDM9kOh0Y6_bzClNR9496fA=mo,thankyou instgram,5,0,425.0.0.47.61,2026-05-16 22:39:24,,,425.0.0.47.61
efb470fd-8777-4a0e-9dcc-30f21358cbe2,Sohail Rahimi,https://play-lh.googleusercontent.com/a-/ALV-UjUkMlvXbvVgk-l08oQiTl_mlMHTSxZ1FeqtETwsMk42cfZPJeo,عالیه,3,0,,2026-05-16 22:39:21,,,
acfb7e59-009c-4852-9ec6-e02c9ea8d192,Erastus Phoenix,https://play-lh.googleusercontent.com/a-/ALV-UjWjm04uVEAMcqAW3kZdW0RYT5BctRVurjLyzokTPJiyVarKbM1N,nice experience,4,0,,2026-05-16 22:38:33,,,
47be3c71-db60-4d06-a4ac-fb3b1acabf9f,Khushi Nandanwar,https://play-lh.googleusercontent.com/a-/ALV-UjUxRKwYgwwxTw39CR9CvKJtTJRnDSIXnUwDiVVN7mdimMsZgACo,this is not fair instagram...my account was suspended yesterday even I appealed then uploaded my id then again uploaded my adhar still doesn't get my account back...there was restrictions on my acc that I can't go live or attend it for 365 days and I was fully following it ..then why suspended my acc why not them Those are fully uploading ai and vulgur stuffs..spreading vulgarity...u are supporting them and suspending our accounts even after following community guidelines ..this is not fair😭😭,1,0,429.1.0.44.70,2026-05-16 22:38:19,,,429.1.0.44.70
c1984c38-e8f1-49d0-b984-2b4ee5c32f08,Fudge Mir,https://play-lh.googleusercontent.com/a-/ALV-UjXyaLaYL1TlXs25FsGaqPqP-9XhUBY7sgNlv8i0TCZa700kfC5X,best,5,0,429.1.0.44.70,2026-05-16 22:37:58,,,429.1.0.44.70
a598a47b-16e5-452a-a4dd-ac5b657aad38,Carol Mukwato,https://play-lh.googleusercontent.com/a/ACg8ocIFUXyqd3Uc4WF-G9yhbwbCJNxx2l2jWCHmcWdP5EKhoV768A=mo,my experience with Instagram is perfect I love it meet new friends and learn different things on Instagram,5,0,429.1.0.44.70,2026-05-16 22:37:43,,,429.1.0.44.70
33e5a663-a937-4767-baad-87828e444991,Seema Davi,https://play-lh.googleusercontent.com/a-/ALV-UjWIf9J57Ev-GfnZELr3ThP8NEEdagEHf4gbtkMZXHpo7VF30UNC,good app,5,0,429.1.0.44.70,2026-05-16 22:37:34,,,429.1.0.44.70
17e26a30-6227-4ad4-939b-b4dc5caec34a,Baneen Gilani,https://play-lh.googleusercontent.com/a/ACg8ocIr1BAxPK_of-s1DK4hhFLHNkRlYojdyiPF5N-KDvIVNLoNCw=mo,give me the latest version of instagram I don't got the latest version.,2,1,333.0.0.42.91,2026-05-16 22:37:31,,,333.0.0.42.91
6d9e59a6-86f6-4ab9-b0a9-0d1aa8e789c7,ayjay1967,https://play-lh.googleusercontent.com/a-/ALV-UjXmtv-0UrWdo_OHoQMqvjEmDppTjyHbDaw9Ihf_xe78Abi9Tvw,uninstall !!!!!!!!,1,0,,2026-05-16 22:37:20,,,
05ddff7d-b8f2-4ada-83a2-d91c560a76d4,M.r Zubair,https://play-lh.googleusercontent.com/a/ACg8ocLIsiSvG7g8JnUZyrPx6ruEWS3YUeUsWo0Kb8dBnHdnT74VHg=mo,good,5,0,429.1.0.44.70,2026-05-16 22:37:11,,,429.1.0.44.70
ce6a76f8-2b87-4b44-a39d-b242502f8678,Hassan Khalid,https://play-lh.googleusercontent.com/a-/ALV-UjU0AmLtmPeA6tyZT4qgl4yPhMjkq1ekviUWL67IudnjLxykFWB_,"it's really amazing app for reals short videos, vibs",5,0,429.1.0.44.70,2026-05-16 22:36:24,,,429.1.0.44.70
88b53857-4e64-451f-9820-ac181276b8cc,Khaja Vali,https://play-lh.googleusercontent.com/a/ACg8ocLYus7Rr8melLMJm-1TN84mMquOKx9fJYlLoQfUkywzFfwMsA=mo,super,5,0,,2026-05-16 22:36:05,,,
9def3bc5-d4cd-4967-acfd-01f9b5c97a66,Amina Awan,https://play-lh.googleusercontent.com/a/ACg8ocIYGZ9R8MD2gBqfA2J0bo0aJNFEG-TBtxEjMgGz-EX0rLJL5w=mo,best app,5,0,,2026-05-16 22:36:05,,,
2c33cfbd-2436-45f6-957b-93fe7306f5de,Ruthwik Patibandla,https://play-lh.googleusercontent.com/a/ACg8ocJEZxGycVG28jVyA90cLsqnZCBLe2hNDu3a9lFii9_kNfjfH2g=mo,I'm addicted... yay...,3,0,429.1.0.44.70,2026-05-16 22:35:21,,,429.1.0.44.70
af1a0fde-a928-4dff-8476-d75c6ad9a700,Mohd Sarfaraz,https://play-lh.googleusercontent.com/a/ACg8ocLSE9GDMldFg-locaVrC7GjJChoiEcrFvy6q2oU-WX75Rge=mo,fantastic,4,0,406.0.0.58.159,2026-05-16 22:35:13,,,406.0.0.58.159
96d0a165-96c3-4716-acf2-09a264c289e8,Irphan Pradhan,https://play-lh.googleusercontent.com/a/ACg8ocL3fr5Kh9hGe5RxzG0nOaO5iElzRDg8485Ox2RVkoNODEPwhA=mo,mera followers badado,5,0,,2026-05-16 22:35:07,,,
489e99f7-97ff-4716-9e71-ae533dedad02,Rae __,https://play-lh.googleusercontent.com/a/ACg8ocIcSy8adY4OoF3G8BMVhVcSWKqssYHk3asqY-hyMsgfg5wIUxw=mo,worsttttt ever!! without any reason... mah ids got suspended,1,0,429.1.0.44.70,2026-05-16 22:34:40,,,429.1.0.44.70
6c0b62bd-3cde-433d-bccb-2ae1ca0a6401,Suliman Khan,https://play-lh.googleusercontent.com/a/ACg8ocI2-K9lU94zniXjLORAxeaR1ikixhNOChOGqnMYH0V55mIYnw=mo,best,5,0,,2026-05-16 22:34:37,,,
d56d5954-6615-497b-b297-b18f8605bd12,Koushik Bauri,https://play-lh.googleusercontent.com/a/ACg8ocKN9KGsbRs2CyMW8BgFeha34DFqX_8Ilmn7wSL-Zm9tF7okjQ=mo,good 👍🏻👍🏻,5,0,,2026-05-16 22:32:59,,,
330c60fd-e848-4fa8-86d9-0d2ea51b7505,Azhaaan,https://play-lh.googleusercontent.com/a-/ALV-UjV8lR_y8R5XSZJ2RmigMWva7UdzKDSDcQ85EC1nf_CqAWHnrnI,good,5,0,429.1.0.44.70,2026-05-16 22:30:18,,,429.1.0.44.70
b125b794-2011-4a11-83af-0460b9bb19a8,Meraz Ansari,https://play-lh.googleusercontent.com/a-/ALV-UjUY0F8OvvKrGDR2DlVcHz1imaJl-gwr6gFjKofNvAeGY6SYBG9C,best use for popularity in the world,5,0,429.1.0.44.70,2026-05-16 22:26:10,,,429.1.0.44.70
7981fe9c-e664-45ef-ae5f-00bb74971902,Amiralitl2012 Taleghani,https://play-lh.googleusercontent.com/a/ACg8ocJY50j5mDzPSRZ3zJNswydp11izPyrvO10y31Cg4Zh87BYhFQ=mo,به امید روزی که ما ایرانی ها هم بتونیم ازش بدون محدودیت استفاده کنیم 🙂🙂🙃🙃,5,1,,2026-05-16 22:26:09,,,
d1c8c333-7562-4500-b095-a724962d1c10,Konain Khurram,https://play-lh.googleusercontent.com/a-/ALV-UjVhj-FwC-FCaJJCM63ej2kTs_RWFNRQYH1lt2KDiBcK8D58MClD,this is best 😄😊 app,5,0,429.1.0.44.70,2026-05-16 22:25:56,,,429.1.0.44.70
7559c1b9-33c1-409f-91cf-9d63de699a5a,Rosalie Jaiswal,https://play-lh.googleusercontent.com/a/ACg8ocLxGYZBRIXKcziEU_xrJVOIBGck6JdQMOvm6GgkmiOR1c-KbA=mo,fecebook,5,0,,2026-05-16 22:21:59,,,
a1eedff4-edb2-4ace-b722-1652023fd9a5,Kazmi Syed,https://play-lh.googleusercontent.com/a/ACg8ocKwi9i1U94FVELLFY1fgK7F5LY3lnDjkU4wWoaBSYlfZL5I4A=mo,I mean it's perfect it perfect,5,1,,2026-05-16 22:21:14,,,
f2015092-4732-4818-8745-eb70ac1b28be,pradeep gadhavi,https://play-lh.googleusercontent.com/a/ACg8ocIyGop0Aq33oZk64XVKMBQU62OdcVwd05j-fl7UvGlp4cNnbw=mo,wonderful,5,0,429.1.0.44.70,2026-05-16 22:21:09,,,429.1.0.44.70
2656fc33-f9b9-4207-9137-971d58d4cb0e,AnkiLa Pavan Reddy,https://play-lh.googleusercontent.com/a-/ALV-UjUDNaN9kuQwg6b_ue2wZmAC55LtVukvQ8UZgT9lG_OykGq41zVo,🙂,3,0,429.1.0.44.70,2026-05-16 22:21:07,,,429.1.0.44.70
1ada957d-30bb-4e78-a259-96b41a243044,Priya Dey,https://play-lh.googleusercontent.com/a/ACg8ocLvoX85dO5NaB-kNETx6ZAT8CyDoMelous6vfrkAQlC_19-Gw=mo,restyle option is not showing on my Instagram story,1,0,,2026-05-16 22:20:46,,,
7a1d2b41-def9-457d-a346-dbe7e74e98d1,Sahid Sk,https://play-lh.googleusercontent.com/a/ACg8ocJwLUPqQ_JnEIS3G9jfXg2NXqTJFARVE8A11C-aMsRAmCnqww=mo,amezing,5,0,428.0.0.47.67,2026-05-16 22:20:45,,,428.0.0.47.67
ee2a063e-57c1-4ca7-8022-e69dd1fb459a,Sanjana Tiwari,https://play-lh.googleusercontent.com/a/ACg8ocKp1uxtafVXvWXgi-dGULoP_9vbhjCTY1ErT9Lip9Gao0hteTNi=mo,not getting some new features 😕,4,0,429.1.0.44.70,2026-05-16 22:19:21,,,429.1.0.44.70
dc96c416-8338-42be-867b-8f4535e0eebd,Mary Mwangi,https://play-lh.googleusercontent.com/a-/ALV-UjX9BoJjGYoaovvUgQWYqga4oMfUeqtk58iRtyUrRzeHH-jQuTg,Great,5,0,,2026-05-16 22:18:40,,,
f8d5808b-f50c-4a32-8899-aecd86b22ce9,Rehan Seikh,https://play-lh.googleusercontent.com/a/ACg8ocL82PtYX5Gdd5v_eo4wAGlZzSFP7p1DHlcFNUz6k4jpZufEsQ=mo,excellent,5,0,426.0.0.37.68,2026-05-16 22:16:57,,,426.0.0.37.68
7a84e76f-f0f7-4384-86b4-3131c766b14e,Amitesh Yadav,https://play-lh.googleusercontent.com/a/ACg8ocLoLeq5XHul3IOjV54utgUGDO41U7Tf1D-o2DKImkmEsrniVg=mo,best social media platform it's is easy connect to people with really good,3,0,,2026-05-16 22:16:27,,,
48e90a05-da0f-4900-bfa1-8867855f9bf9,JAHiD ALi,https://play-lh.googleusercontent.com/a-/ALV-UjW2L5X7tt73QhuVjoArwO9RSmRK4AhpNmfhzPO1ZPWIjGmibN8,@ktm.390.rahulk. 10k it suspended,2,0,429.1.0.44.70,2026-05-16 22:16:17,,,429.1.0.44.70
6d757dba-ff6b-440c-8039-be05fef6d3a5,Maxxa.,https://play-lh.googleusercontent.com/a-/ALV-UjVI4Di8NXOgS_L--p9VQf9XcJCzfLtykDvDv63bAtWu8PV7uytd,super in an i.maxxa__,5,0,,2026-05-16 22:15:44,,,
518be705-85e2-4e83-9811-8e69f4c4fd48,Prem chand Matangi,https://play-lh.googleusercontent.com/a-/ALV-UjUFLrXYAB0Zpgz5vuFei48IbjMLAbFqaLuRVpuib_WfCHdLG1j0,best for wasting your best time,1,0,427.0.0.47.73,2026-05-16 22:14:33,,,427.0.0.47.73
cbf375ce-0e0e-45a1-b2b8-0f34d43b35de,Mainul Islam Mahin,https://play-lh.googleusercontent.com/a-/ALV-UjW56W1sm9onQGEYNYkK4u1w8J7ELbS_bsjakC7urjiXLYAVDA0,Super,4,0,,2026-05-16 22:13:33,,,
0d022106-a4a0-4354-a2bb-1d231e9414d9,D. R. gamerz,https://play-lh.googleusercontent.com/a-/ALV-UjVxewlwAnnRfa-J0U0rcyr1cST4l3W-YOva-lH65DANqUT-Og0,kind of useless application . it waste my lot of time on buzz reel scrolling and fake ads or fake pramotion . i prefer not to download again either uninstall now ..,2,0,155.0.0.37.107,2026-05-16 22:13:30,,,155.0.0.37.107
4e5a183c-ce33-4802-8506-0b8f1c295504,Raelle Lowe,https://play-lh.googleusercontent.com/a-/ALV-UjUHHBvsZOtJtE3HGmvPqBbbH5ehMmcwT4ySq4tWm8p47VFW57cg,"the fact that we see more suggested content and people than the people we follow is insane. reels are so glitch to post, and the limit on hashtags is so stupid.",1,0,429.1.0.44.70,2026-05-16 22:13:09,,,429.1.0.44.70
f7ab0a8c-9ca6-4cf4-8605-27074067523d,Kainat Tariq,https://play-lh.googleusercontent.com/a-/ALV-UjXBYMYM7gzWa0Ok4pwwx6xHiOJWwvHsGJPdoJwSGqfESh2JxV9l,besrese,5,0,425.0.0.47.61,2026-05-16 22:12:22,,,425.0.0.47.61
4f171813-ee4b-4fc6-85f3-569fc8f166ef,Blaise Nyuydzefon,https://play-lh.googleusercontent.com/a-/ALV-UjUoAs-x9wiBkl6YC9ZhSI5IEqPHAH68L364pOLXqX2hVzB6R8Kc,it's very easy to navigate,5,0,411.0.0.23.257,2026-05-16 22:10:58,,,411.0.0.23.257
3df3b03c-b8f1-456d-975a-41ca989e403e,Rudra Aditya Official,https://play-lh.googleusercontent.com/a-/ALV-UjXo3JZvS5ikr96SnNV8j870zNRJJPMhsqKMWhpetRSw5QcjaHjx,amazing experience 🌟,4,0,348.0.0.46.105,2026-05-16 22:09:57,,,348.0.0.46.105
ea2ac43b-51fc-4295-b13e-9d6d51bbef29,Jit Biswas,https://play-lh.googleusercontent.com/a-/ALV-UjUEzee_Cf5mAxrwllcjAZ0fF3Bm1Yh22ifPY-zIItEFm2y3re1i,"I've been experiencing major technical issues with Instagram lately. My account was suspended yesterday, and while I attempted to appeal the decision,I never received the verification code in my email. Thinking it might refresh the session, I logged out, but now I'm completely locked out. Even the 'forgotten password route fails, showing 'unable to log in, please try again later.' This is incredibly frustrating. Please lookinto these login bugs and fix this as soon as possible.username jit_flexx",1,0,427.0.0.47.73,2026-05-16 22:09:12,,,427.0.0.47.73
55f708dc-4616-439c-8ff0-62c60c565ab5,Philbert,https://play-lh.googleusercontent.com/a-/ALV-UjWgLNqL9rm5B0xMWS6coRM4CVbyKW1AFOS5WMmhVB70jH-AZgceew,I genuinely dont understand the thought process behind adding new features nobody ever asked for,1,0,299.0.0.28.111,2026-05-16 22:08:53,,,299.0.0.28.111
52cacb65-4878-4225-bcba-0f99d91fb326,Mohit Rawat,https://play-lh.googleusercontent.com/a/ACg8ocIczDFH2mfD8UYwNZDPuTWfsUxqHWjsfQM2NuN4JjCewp8PKg=mo,instagrame suspend my acount without any 😠😠,5,1,428.0.0.47.67,2026-05-16 22:08:31,,,428.0.0.47.67
6f5a3875-5113-43e5-a15f-5977a7d67dae,Meet Kumbhani,https://play-lh.googleusercontent.com/a/ACg8ocI9jAEgZA0R85ChJoFLYdL_5KOKLcbtY21S5-PfFBhypSDD1Q=mo,because this app suspend my account 😭,1,0,429.1.0.44.70,2026-05-16 22:07:36,,,429.1.0.44.70
80542304-6038-4e27-9d2b-d1d08d05cfef,Hadge !!,https://play-lh.googleusercontent.com/a-/ALV-UjXjQqfIZM3qJKQB7mivA4pAiNbGqwzc9H-5ybkV5DkOghytkXJF,WHY DID IT TAKE AWAY MY ABILITY TO SEND IMAGES,2,0,428.0.0.47.67,2026-05-16 22:07:33,,,428.0.0.47.67
77cecbfc-3941-4c60-9031-8a999e6e2a25,Raju Shil,https://play-lh.googleusercontent.com/a/ACg8ocKa1xoIkdcUar3L9JUUiAums0mN_WR3t7pUwiL4ckafCnJZZg=mo,wow,2,0,429.1.0.44.70,2026-05-16 22:06:19,,,429.1.0.44.70
335b18eb-2617-4d3e-99ef-ce3f03f7e2e5,Kartu_is_ Live,https://play-lh.googleusercontent.com/a/ACg8ocJpTQp214YmPV1eLH-qDWRj7WFeNg3B1Yqxzqc2R9gxuZmIuQ=mo,best for all,5,0,,2026-05-16 22:05:45,,,
89c16c1d-e6cb-41b2-80c3-f1b5da18eff7,Aastha,https://play-lh.googleusercontent.com/a-/ALV-UjXDvHIFStSVlf-5cLFOam5g_Dy-0ZVeBvDItnKhPGvQPjjGA_98,"please bring back the mute reel feature, please we beg you",4,0,429.1.0.44.70,2026-05-16 22:05:14,,,429.1.0.44.70
90d426de-fa0f-4dd5-b0f2-ac8202b84ddc,Astomi Ray,https://play-lh.googleusercontent.com/a/ACg8ocKJL_4Fww_kq3xdZirJY4HPGJQK9iuzncbTkmaGJQd34HPIeg=mo,Asomt rain,5,0,429.1.0.44.70,2026-05-16 22:04:37,,,429.1.0.44.70
ef47f0b7-f87b-468c-a295-0eb7064078c5,Arman Khan,https://play-lh.googleusercontent.com/a-/ALV-UjX9HIctSZYeMPh2iF_9f2WAzOURv9oT6Bsa7AHWjzLUhgxfAql4,mein ye ek star bhi nhi dena chahta hu kyo ki bina rijan se meri I'd suspend kar di hai instagram ne or mene bohot koshish ki hai wapas chalu karne ki but mera account nhi opan ho raha hai bohot video bhi dekh li but open nhi ho Raha hai...?,1,0,429.1.0.44.70,2026-05-16 22:04:33,,,429.1.0.44.70
6d0ae6da-ba56-4b86-8634-761537c9dc05,Md writes,https://play-lh.googleusercontent.com/a-/ALV-UjVgIKCHEEcDY2kg-zJ6rXci4uskzAt8NgQu3tkJpwSbUSsysfM,restyle feature is not working ! bad service,1,0,429.1.0.44.70,2026-05-16 22:03:59,,,429.1.0.44.70
0ed55cab-dee2-4a2c-b729-b5b82a700229,Sourav Kumar,https://play-lh.googleusercontent.com/a-/ALV-UjVjP_f1rR3A-E6dVlLkgXglSBWrd4_N63zz0wEW1OBKN3MEEJs,Nice app,5,0,429.1.0.44.70,2026-05-16 22:01:15,,,429.1.0.44.70
b7d88f6f-66fa-4e56-9c55-9ce546592b35,Md Kurban,https://play-lh.googleusercontent.com/a/ACg8ocIqbB74UKtneOQoF1BfNa7Mok90DrVd7CrrsPlaxhZECme4LA=mo,I like this app it's 🥰,5,0,429.1.0.44.70,2026-05-16 22:00:35,,,429.1.0.44.70
8c350243-cf60-4b9d-8ef5-4c0efa6fc162,Hope Shedrack,https://play-lh.googleusercontent.com/a/ACg8ocJSA1N7KLNfp4yAfZ2_76Jv25Zkd5bF1iBwNj6TNSzXkGxTZQ=mo,stop suspending my account 😡,5,0,428.0.0.47.67,2026-05-16 22:00:27,,,428.0.0.47.67
1cda9522-a732-408d-8f88-eb56d5155d10,Bushra Begum,https://play-lh.googleusercontent.com/a/ACg8ocKPkKLQJ2N9zbTk0_JFXXB8rw6LVsuVvpliOpuoLyKhn1Fz4w=mo,👍,5,0,,2026-05-16 22:00:25,,,
22a625d0-c7fe-4b5b-8d51-6c63ca451a30,kevin garalde,https://play-lh.googleusercontent.com/a-/ALV-UjWmhoF9YlLC1WS-6xRZv4zDiEBPgC8yPAv5B6rTl00JY_6MVt5xCg,Ok naman,5,0,428.0.0.47.67,2026-05-16 22:00:20,,,428.0.0.47.67
0d924e83-2b09-4e70-a2d9-ae6cb51963d3,Yuka Volkov,https://play-lh.googleusercontent.com/a-/ALV-UjVDingEscaB7QavFCEm6rJ0JpIZWQ9nUaysYMKh6m-8bFRWfEFY,I recently had my Instagram account permanently disabled without a clear reason and without the option to review the decision. I had important personal photos and memories on that account. I believe this may be a mistake and I would really appreciate if the account could be reviewed and restored. The lack of clear explanation makes the experience very frustrating for users i wish they asked for at least a video or any form of id to bring back my accs with lots of memories leading back to 2018.,1,0,347.0.0.40.103,2026-05-16 22:00:17,,,347.0.0.40.103
c122a773-4ad7-4f9e-bd0c-d554f60a398f,Yashpal Kaushik,https://play-lh.googleusercontent.com/a-/ALV-UjXYrVgZYnKgzv79BE2o3lTEwWJVNDL5RlnEM5v42plsyDz7Btc,instagram is very disappointing my 7 accounts were suspended in 2 weeks for no reason of there there is something unusual you fond in my account then pls inform but suspending for no reason is not a good thing it is really shameful for you . *f you can operate then pls close entire app . Will be glad if you do so,1,0,,2026-05-16 21:59:46,,,
71d4602f-fe39-4a3e-b2ac-d60f4e9d25bd,Shreyash kumar Singh,https://play-lh.googleusercontent.com/a/ACg8ocLf3BtUJ275FDnK8A4acRwN8_FxUvM2JeM30Hg7xaCcAlhmbw=mo,social media in public 🔥🔥,5,0,427.0.0.47.73,2026-05-16 21:59:25,,,427.0.0.47.73
32a987fc-af99-446f-9219-7709565c6b5f,laila lalinaidi,https://play-lh.googleusercontent.com/a-/ALV-UjXEidbsKLNRVbJ8sS2NODd4cd3B-eYx9NnQuGplvZOgpITahlFt,All my account get banded without reason,1,0,,2026-05-16 21:59:16,,,
7ed57294-8c21-499b-9376-4274e5c861eb,Chandan rai,https://play-lh.googleusercontent.com/a/ACg8ocIlnf_n66lMBGCPum6S58LlBI71lkb1LRDDyLIgXGUJgG-Liw=mo,good,5,0,429.1.0.44.70,2026-05-16 21:59:06,,,429.1.0.44.70
daddbbc8-1f81-447a-a4a9-9c46d0aad555,Abhishek Gupta,https://play-lh.googleusercontent.com/a-/ALV-UjUJj09tj95u73BozPGE_LlLOvkt-T5_fvTiYKox7YS5Bo0_30tXEQ,"Letrelly the app Instagram is spoiling our culture our moral values, spoiling the future of teenagers. 100% of so called social Enfluencers spreading wrong messages to our society for few views and likes. actually all the Elitrate presong have a Instagram account for spreading wrong messages for relationship, wrong messages for our culture and society.",1,0,429.1.0.44.70,2026-05-16 21:58:59,,,429.1.0.44.70
14bb9fc9-ab75-4979-bffd-d1489311c340,Pihu Rao,https://play-lh.googleusercontent.com/a/ACg8ocIn3hOKYakrLDdy6aXKvZW2BbhDQXIxsGTDlmKT7e8668kBdA=mo,"devilbacha07 1w Dear Instagram Team, my account (@priyanshiiirao5 has been deactivated. 563 I believe this is a mistake as I have always followed all community guidelines and terms of service. I request you to please review my account and reactivate it as soon as possible. Thank you for your time and assistance",5,0,426.0.0.37.68,2026-05-16 21:58:14,,,426.0.0.37.68
7aec4680-0e13-48dd-95a7-ab3207509679,Hussain Seikh,https://play-lh.googleusercontent.com/a/ACg8ocIOyTKfk8vNsHAZs1AJ4y6nW0IXqYaC3vpTcFXxCQ8Gl4b-Vw=mo,so good,5,0,428.0.0.47.67,2026-05-16 21:57:47,,,428.0.0.47.67
c1b78de3-ecd0-4a06-99e5-2be03cb3f7e0,Mahua Chatterjee,https://play-lh.googleusercontent.com/a/ACg8ocLU7ElwR_Os2xHmOgpP0pNPcy8x8mJ0u_PGUFil6NHoEx_t9A=mo,very poor app do not download,1,0,428.0.0.47.67,2026-05-16 21:57:21,,,428.0.0.47.67
2236ee3a-0651-433d-89ed-083ec3a4ba8b,Saleem Boss,https://play-lh.googleusercontent.com/a/ACg8ocIZiQmYFuyiC7lm22DkevMeciumMVtRypfLDWIACYKJcvo5gw=mo,this app is crazy I don't like it's working,1,0,278.0.0.22.117,2026-05-16 21:56:02,,,278.0.0.22.117
21ca9bba-ba0f-4002-b07a-0f19c547d630,Deepak King,https://play-lh.googleusercontent.com/a/ACg8ocIzFy3PTtng1ixiDF-qLt_KDBq3opl79v3iAvqQubxd6vTmEg=mo,mare ma nickname ka nwe opsilan nhe aa rha mare id ka name abhishek_freefire_99,1,0,,2026-05-16 21:55:39,,,
3ebf5798-a3b6-43d1-abc2-48e35315fb76,Thashwin,https://play-lh.googleusercontent.com/a/ACg8ocL4JNa4H1h0qfGqxs_PszemhZW2ZeWdTlSL4ynA-Ox53krU=mo,it is more efficient and we can hold in other privacy and other accountability and it's a good app contact express it in words,5,0,417.0.0.54.77,2026-05-16 21:55:11,,,417.0.0.54.77
16045981-aa8c-44c2-904a-5cc0edf172c7,Vidhya bendre Vidhya,https://play-lh.googleusercontent.com/a/ACg8ocK1cvx9eIBxkvoO6yl2aVz6JRR1yZC4IMO_TqtJIJZzcKyygA=mo,Awesome ⭐⭐⭐⭐⭐,5,0,429.1.0.44.70,2026-05-16 21:55:04,,,429.1.0.44.70
6c45f947-5928-4e81-a8d6-257572ea8e82,Sharad Dube,https://play-lh.googleusercontent.com/a/ACg8ocLCsuXr9lEBcLn_vY7jjOfECnsxrZ9XHO-sJPy5S7wQ7-ZfcQ=mo,too many glitches in this third class app,1,0,428.0.0.47.67,2026-05-16 21:55:01,,,428.0.0.47.67
415de4e9-cc09-40b0-bd72-6c9e535e7f9b,Madhav Sanchaniya,https://play-lh.googleusercontent.com/a/ACg8ocIZnDu7OmnC9uUWWZ1QpQOcvrAuatET4n8i4Aq-D6rXSFrleQ=mo,બહુત મસ્ત,5,0,429.1.0.44.70,2026-05-16 21:54:46,,,429.1.0.44.70
e8eae3a3-0852-4840-98cd-5a11b84d18d8,vinodKumar,https://play-lh.googleusercontent.com/a-/ALV-UjVgRpcHEPRR-1hTh-Lk7crBksEbDNkUvQi3F9djOlLkuqIBuVs,vinod Kumar,1,0,428.0.0.47.67,2026-05-16 21:54:35,,,428.0.0.47.67
ef2468de-cb26-4f25-9a1c-b21a113108a8,Khushi dhanvijay,https://play-lh.googleusercontent.com/a/ACg8ocIbQnYlLFr8ML_9K3Wcx9cQUk-FzA5js0yc_qgrwpCS-8ezXQ=mo,my id is suspend,5,0,428.0.0.47.67,2026-05-16 21:53:43,,,428.0.0.47.67
e6320e93-7e11-412b-bf84-7fff6ff3c6c1,Imran Sheikh,https://play-lh.googleusercontent.com/a/ACg8ocL6stvs_9efVoANMhUj9Nwvzvh9v1UIcMtmiX1YHm6BDmUFMw=mo,best app,5,0,,2026-05-16 21:53:24,,,
e1406d51-2048-4368-a354-aa866c93fc19,NAVEEN NAIDU,https://play-lh.googleusercontent.com/a-/ALV-UjXgsQFoigarGrxsLlaE3_-QmvmdsfxIBAR7qa96c5vl6slTZR2Umw,💫,5,0,327.2.0.50.93,2026-05-16 21:52:09,,,327.2.0.50.93
5309cdd8-7dd8-4024-bcf5-275e5cbdf72d,Mohan R,https://play-lh.googleusercontent.com/a-/ALV-UjU1JmlCvjhhGhqm7LnJOcXnPMw1nHzrsuS0azamLMQ9BSXe68lf,keep your go just updated,5,0,429.1.0.44.70,2026-05-16 21:50:52,,,429.1.0.44.70
071eaebd-2f41-4f1e-bd3d-718839fe0b70,Zala Nikul,https://play-lh.googleusercontent.com/a/ACg8ocKvi4MyTMpZbjdQdQmvT0DmRo1uWQNHm7bWYhFJet2S45tuzg=mo,🥰,5,0,429.1.0.44.70,2026-05-16 21:50:42,,,429.1.0.44.70
24425688-ed9b-44a4-a698-befcf73ef04c,Zikra Perween,https://play-lh.googleusercontent.com/a/ACg8ocKTOwgPvvhU90Hf-6qTMNaFiO_Dd5kkS7cWFhHZ5udQzCQY5Q=mo,this is a good app but some new updates are not coming in my phone and they are also not providing update option of my instagram,3,0,278.0.0.22.117,2026-05-16 21:48:39,,,278.0.0.22.117
26d2c97d-3450-47a0-b277-10f5f71c6a1c,Avisha Singh,https://play-lh.googleusercontent.com/a-/ALV-UjWs1TiUp2l1WGJkDOvC3RN74rUWfbXi43lJ4wqMO3sVt3nTEqPC,perfecttt,5,0,429.1.0.44.70,2026-05-16 21:48:25,,,429.1.0.44.70
9f960936-02b6-4496-92e5-f327288150d8,Emaan Abbasi,https://play-lh.googleusercontent.com/a-/ALV-UjUJ-bTFUp6PYiDaOf_aHQip408x2luhYs77kOmLSisY649aaU_q,it's good but old Instagram was best,3,0,429.1.0.44.70,2026-05-16 21:47:39,,,429.1.0.44.70
969bc489-6dc3-45a0-9f81-1e996074d7dd,Raj Sonkar100k,https://play-lh.googleusercontent.com/a/ACg8ocK1rNwjlDhv5JXkjmCJoghhcJWvJ6ub9y2_I_Zd_9DR7w0Rbw=mo,rajsonkar 100k,4,0,426.0.0.37.68,2026-05-16 21:46:44,,,426.0.0.37.68
5dbf42e2-9ced-46d0-91f6-4584d51dce8b,Ashok kumar Kumar,https://play-lh.googleusercontent.com/a/ACg8ocJDGBbnjK4pwr_IgYdA5AUbdmM47It3wmFf78_XxT0qV8EuwA=mo,Hii instagrap my account is supposed is please 🥺 recover kar do my Instagram is name aryan_x.093 please,5,1,429.1.0.44.70,2026-05-16 21:46:24,,,429.1.0.44.70
5402212e-6536-4513-9f93-9a20cd1c89c4,Prinshu Parjapati,https://play-lh.googleusercontent.com/a-/ALV-UjWLeDiOs3p_tfqBkVIVvF_ftaAidGMVVH4banJRM7YJOXf2IOyc,great app but update is 😵‍💫,3,0,,2026-05-16 21:46:19,,,
2b9f5e18-e20f-4fe8-b1ea-2b5755a805a1,Hassan Maan,https://play-lh.googleusercontent.com/a/ACg8ocL_9ccTWuB1NHny37DZp9aDq6QZLLFuGto549QhbbcOA7ORTw=mo,very good platform. I m very enjoy,5,1,429.1.0.44.70,2026-05-16 21:46:08,,,429.1.0.44.70
90c32b3d-8dff-412d-aa1b-84d2d4c3dfcd,Spyro Mwanakukosa,https://play-lh.googleusercontent.com/a-/ALV-UjXq5jASwGlvfWSPHMPytV3mX23EacgxQQMOYOoGCR-H1obKEwor,nilipenda gafla hiii,4,0,429.1.0.44.70,2026-05-16 21:45:34,,,429.1.0.44.70
87e2f4d6-e01f-4bf4-abf1-73dd95ec97b6,RAMJAN GAMING,https://play-lh.googleusercontent.com/a-/ALV-UjVWxEGwZCNFmh1hmcFCR0o_j76nlbIVKjnt6YPwxMqggOF63GLw,"""My account was suspended by mistake. i'm the real owner of this account and i follow instagram community guidelines. please review my account",5,1,429.1.0.44.70,2026-05-16 21:45:13,,,429.1.0.44.70
3c7395f6-0fd4-4596-b86e-2ae640913c3a,Hana Feza,https://play-lh.googleusercontent.com/a/ACg8ocI_yTGz3i5nKfO4rkIfUPppSdBLQobGPIjS5nHlZlgmjsQKZg=mo,i love this app!!!,5,1,,2026-05-16 21:44:11,,,
691c4f4a-bae5-4442-bda7-6ac8ce62639a,Maryam Nisar,https://play-lh.googleusercontent.com/a/ACg8ocLlb83b8Hs_puY9xS2Q2VDVyCrJmLSrsO2-9fxcjnFKweKAxg=mo,Good app,5,1,,2026-05-16 21:43:16,,,
29864097-dc64-48ca-87f0-41d3e8f88906,Kevin Dorvil,https://play-lh.googleusercontent.com/a-/ALV-UjV7XGgCcPtH8jwiCKe_mV3RogYyIhPA-4QycRZprF7gjRn5cys3FA,"App has a bug on Android where videos will no longer play unless you force stop the app and clear the cache, but by the time you reach that point, the feed has changed and you'll never find that video again",2,0,429.1.0.44.70,2026-05-16 21:43:05,,,429.1.0.44.70
b05e8701-57a6-4592-aabe-52507160eef2,Anjali Jangam,https://play-lh.googleusercontent.com/a/ACg8ocLngIfgFz2fF01Vz6wnIFgH5t-E9Dgds8h7yHZEm1hD5GyEMA=mo,supar,5,1,428.0.0.47.67,2026-05-16 21:42:58,,,428.0.0.47.67
88f2bc1f-f811-48a9-92cc-c74b7babf6f8,Shafiquekhan Mahar,https://play-lh.googleusercontent.com/a/ACg8ocKQ7GEwwXgZGENN9BpM1lbB7ClwChUVil0yWIkC-Lnceduu1A=mo,nice,5,1,414.0.0.40.83,2026-05-16 21:42:47,,,414.0.0.40.83
3acda1a7-5666-4535-82e6-60718918f3cb,Hamza maqbool (HAMZU),https://play-lh.googleusercontent.com/a-/ALV-UjW4aXOhgye-qevazUdtjK6QB8vD3BFCjWcfLj83CSdsv9syPfFF,calls not good,1,0,429.1.0.44.70,2026-05-16 21:42:32,,,429.1.0.44.70
84cea0a9-7bdc-4366-aa76-448697056ac2,inzmam samad,https://play-lh.googleusercontent.com/a-/ALV-UjV2Z55SxWH71HM2bd9B_cjThb3pescK0hilYTSdilwZfEQf5ga_dQ,amazing 😍,5,0,429.1.0.44.70,2026-05-16 21:41:27,,,429.1.0.44.70
d5007ff0-5142-48bb-a8e9-a7c592fe65c9,Shubham Chavan,https://play-lh.googleusercontent.com/a/ACg8ocLazXKU13cKJiMVs1ailZbAkVcqVnYZK6H1Usc_fqUGQszEgQ=mo,delete for you option ia not working,5,1,425.0.0.47.61,2026-05-16 21:40:24,,,425.0.0.47.61
c2c0855f-bfa1-4f6d-8e63-0d00922aebe6,Noufa Tahani,https://play-lh.googleusercontent.com/a/ACg8ocJG0OPW2kHpvNPG-TltrRnqoYSSbNOCKxvmHCq62YMqqQl4wT0f=mo,lmao,1,0,,2026-05-16 21:40:17,,,
4f05faf3-1a0c-4407-9766-27dba0c8925d,Jordan Davis,https://play-lh.googleusercontent.com/a/ACg8ocLLO-wJUEWjusQ82YmEgzljVf_Hy5vHpHwx7lwXLpzgFRsPAw=mo,it's a very nice app 🙏🏻🤟🏻,5,1,429.1.0.44.70,2026-05-16 21:39:00,,,429.1.0.44.70
389ae15e-678b-406c-b25f-2e61294c2505,Yash Kangane,https://play-lh.googleusercontent.com/a/ACg8ocKRLQYMrYYoMDbojtukkCBNruj2ZDmtKl61Y36tTspekamZ=mo,"I am unable to log in on my device only. My Instagram accounts work properly on other devices, but on my Google Pixel 8 the app always shows “wrong password” even when the password is correct. I have already tried: - reinstalling the app - clearing cache and data - changing internet connection - resetting password - waiting more than 7 days Please check if my device has been mistakenly restricted or blocked.",1,0,,2026-05-16 21:38:11,,,
e22d6462-d52d-4834-b8dc-14e2cea67ec1,Khushar Pal,https://play-lh.googleusercontent.com/a-/ALV-UjXqyl90SWEhkbsucIZTKU96TpYRq94CMw7tNj7t-f1zva0-pw_G,It was a bad decision to remove end to end encryption from chats,1,0,195.0.0.31.123,2026-05-16 21:38:05,,,195.0.0.31.123
60b43340-f12a-4ebd-938d-d33289c7e55a,satarupa Music World,https://play-lh.googleusercontent.com/a-/ALV-UjWwNzlcAjovzsehtzkAn9XX0MeDumWFb9Zd_W9JHT42yk16yj94,Best platform 👏 🙌 👌,5,1,429.1.0.44.70,2026-05-16 21:37:34,,,429.1.0.44.70
75c1c17a-f58d-4f44-93ad-1680a1eda866,Riya Dungdung,https://play-lh.googleusercontent.com/a/ACg8ocIdzZ3CMRtfMGXo6G8pMDH7hVKB4JW1ltokdVPPUEiwr4_ihA=mo,amazing,4,0,,2026-05-16 21:37:31,,,
10bf2c41-19ce-4b08-8e03-1fff64f15c6d,AOKAMI,https://play-lh.googleusercontent.com/a-/ALV-UjWXF_JolSYOWcYqqPbxpjLBpLWUocbZ3mSJRLYlK5J1KXlfRUyt,فيه بعض المشاكل من اتابع بنت انحظر,3,0,429.1.0.44.70,2026-05-16 21:37:16,,,429.1.0.44.70
5e166576-b17e-4501-b939-15b23495af62,Asia Zlatan,https://play-lh.googleusercontent.com/a/ACg8ocImeeHFTUw2LMHHsVx-wAU03jN4vjpXaHs1wIZ_dUBC9PggGA=mo,good app,5,1,267.0.0.18.93,2026-05-16 21:36:59,,,267.0.0.18.93
d0378c9d-54cd-4328-90fc-4ea61b3fda8b,Robert Lowery,https://play-lh.googleusercontent.com/a-/ALV-UjUtaBKbKT6VcViuzEe1f4PCinBN6wIamkjpJiBPsYfcGa_dXQoe,entertaining,5,1,429.1.0.44.70,2026-05-16 21:36:54,,,429.1.0.44.70
097d4141-715f-45d1-944c-ca2664b23897,La Muerte,https://play-lh.googleusercontent.com/a/ACg8ocLXWG90yoZQPWdEFoNSOGyotGTvn7Vd4xWr5g_8hEVqzC2pYA=mo,"kebanyakan iklan dungu, 1 atau 2 scroll udh iklan aja",1,0,,2026-05-16 21:36:49,,,
a8b73079-538d-4f33-9c51-913409d4e846,Raju Singkom,https://play-lh.googleusercontent.com/a/ACg8ocLs1gYHrlyiuff8nFBlZ_kV-tqPg70uRF3KoxjVqkpVSXxSKA=mo,plz I beg to you plz unsuspend my account plz I request to you plzzzz,2,0,429.1.0.44.70,2026-05-16 21:36:38,,,429.1.0.44.70
97050df4-e97f-4f98-b31a-e35e1fdce54f,Mubarik Mark,https://play-lh.googleusercontent.com/a-/ALV-UjWgPgC_iJQhdYyxTn0Ar32J1v05VI9UzMRXnmbEZBj_SKyo9OPp,Don't Showing Restyle feature,1,0,429.1.0.44.70,2026-05-16 21:36:12,,,429.1.0.44.70
856b3054-368f-4769-aa2e-dd19cecd196f,Tadiwanashe Madotsa,https://play-lh.googleusercontent.com/a/ACg8ocJd3v7g5Pl7RKM62695fOQyYcBtoGxRZZ364WhsHNXC5ugAFg=mo,Grt app,5,1,278.0.0.22.117,2026-05-16 21:35:51,,,278.0.0.22.117
3cc18c98-6609-4855-9c92-f50571a22d09,Semon Lama,https://play-lh.googleusercontent.com/a-/ALV-UjVTVtO029CaozyShxfZ7yxsWqMuatAO4Zy6b1erhWQ4d4w4sds,best app ever,5,1,427.0.0.47.73,2026-05-16 21:35:41,,,427.0.0.47.73
5bc3db95-5229-431e-9c2a-4edbb977087f,Kuldeep Ratnu,https://play-lh.googleusercontent.com/a/ACg8ocIhfEgTZGkF4l5wokkZjyPR-RdJM8G88_uBxWLGuN8GLBeib54=mo,Dear Instagram you have suspended 3 accounts of mine claiming that they are fake. there are lots of Instagram pages which is running by people why don't you suspend them??,1,0,388.0.0.34.75,2026-05-16 21:35:22,,,388.0.0.34.75
06863431-ff64-4479-806b-db592a32641b,OJASV SAXENA,https://play-lh.googleusercontent.com/a-/ALV-UjW1MxKT3B3PUhTTqiDSXqtBDLH9roem0JEmTdK_QP6GtBN-76A,worst app... my all id got suspended with out any reason,1,0,429.1.0.44.70,2026-05-16 21:35:13,,,429.1.0.44.70
b979a94c-6e92-4fbd-9f78-e386cdb75a26,your_fans _02,https://play-lh.googleusercontent.com/a-/ALV-UjUmZObnlowZagTUYBHWP4pnf-on8W-tnJwctSDKEsCJ2XNhCWY,instagram update asay nai akn o😭,1,0,,2026-05-16 21:35:00,,,
07866884-bb61-4445-9fcf-466dd7854353,Devendra singh kushwah,https://play-lh.googleusercontent.com/a-/ALV-UjWF1bz-8V1FB5P_kvvYUOmgD6k6E4bLhP71Qqv4YL6IvqkgcsA,shandar,5,1,429.1.0.44.70,2026-05-16 21:34:58,,,429.1.0.44.70
dfaf225a-67d1-4610-9c62-4e74cfdfac65,Dinesh Negi,https://play-lh.googleusercontent.com/a-/ALV-UjUtq1fGdYKuIXR1560yKDwukMZlI6eIV_nJ6qguPk89lPciZZNl,"I’m very upset with Instagram. Yesterday my account got disabled, and even after I submitted an appeal, received the code, and completed the face scan, my account is still not opening. What is this, Instagram? Please fix this as soon as possible. I want my account back as quickly as possible.",1,0,336.0.0.0.58,2026-05-16 21:34:54,,,336.0.0.0.58
7e732f32-d394-4768-82e7-b1822c9739c7,Bailey Eicholtz,https://play-lh.googleusercontent.com/a-/ALV-UjVIF5NKO_KQTsz0_8CSYIfRddKRJ6bz76FLBS2c-smGe-K7jF_M2g,"Instagram is much better than Facebook in the matter of cyber abuse, hate speech, bullying, etc",4,0,429.1.0.44.70,2026-05-16 21:34:41,,,429.1.0.44.70
1c0e677b-6956-463d-b289-0a22b55089a0,Meenakshi SONAWANE,https://play-lh.googleusercontent.com/a/ACg8ocJyw9DVOwjGOg3gYaGO_p7oDmS55oZNJVBhkiMZKSq3wznWTw=mo,don't download this app it get login in other phone without your permission,1,0,,2026-05-16 21:34:29,,,
60e0340f-a8aa-4e0d-ad25-5c7f0f11cdd9,drippy drippy,https://play-lh.googleusercontent.com/a-/ALV-UjUV0Ega2-LOXwlhNputYbAKyENgH7_PDjj4v67mnNjYeXBgWOUs,instagram has become horrible full of sex bots and scammers,1,0,429.1.0.44.70,2026-05-16 21:33:54,,,429.1.0.44.70
955ef377-ce2a-49fb-b119-ea0837a79d4d,Himesh Himesh,https://play-lh.googleusercontent.com/a-/ALV-UjVEqf9lms2mj0CUwBoWtwOPTpoFyzCD_DsQC5pLJASLGQUa3j85,ek number ka bekar App hai. iye id suspend kar diya 🤬🤬🤬🤬🤬🤬🤬,1,0,428.0.0.47.67,2026-05-16 21:33:33,,,428.0.0.47.67
a4f7d08a-b911-4aca-afe9-57fc3098fcd1,Kodamsuresh Suresh,https://play-lh.googleusercontent.com/a/ACg8ocLueKh4hL3uwCOQufjzLVeYBRzmt2EsXDAZOVYLkQ4bIW_FcQ=mo,kodamsuresh. ledistiolars,5,1,,2026-05-16 21:33:30,,,
87211b19-27fb-43cc-85f8-676e7bf8c9f4,Priyanshu Priyanshu,https://play-lh.googleusercontent.com/a-/ALV-UjVF8Yu110D9o2HagyH75SggVolmjbWSRrxI5MZrx30O3Q9viyU,id ban again and again without any reason no one support no one can reply my email and solve this problem 🤬🤬,1,0,275.0.0.27.98,2026-05-16 21:33:26,,,275.0.0.27.98
2992bd7e-9151-4854-a527-22a3ea29d1b2,PRASHANT KUMAR SINGH,https://play-lh.googleusercontent.com/a-/ALV-UjVY7ucJkzR4AXVbjvj5wuwtObQpdyc8lK0A4aX3iPNXn54XdjQ,Report system not work useless,4,0,,2026-05-16 21:33:20,,,
9e1902cc-380d-4a22-9b61-21733b835a60,Sakhile Gcwensa,https://play-lh.googleusercontent.com/a/ACg8ocLsY9txWvhgV4Ef-oisLYkDKbhHRyg2IZ-5PVIi_3en3b8pCA=mo,❤ 😍 💖 love Instagram,5,1,,2026-05-16 21:32:45,,,
51e12e3d-15a7-46d7-922c-2de8228d1e35,Waqas Ansari,https://play-lh.googleusercontent.com/a-/ALV-UjU824OrvmRnCDUDxN1RzHvpkhTSrylcKBupTWIx6IQ45G3h4blL,Very Good Instagram,2,0,,2026-05-16 21:32:44,,,
1bfa0106-5e3c-4e76-bd6e-b43a3626ecac,Ayush Nareda,https://play-lh.googleusercontent.com/a-/ALV-UjV3PbdPd_9S3gbb1-0FrYTn7-Nh_ubSe8nmDkc2BnFO-OmctyCU,why instagram why are you suppand my account without any reason you suspend my 3 4 accounts why and my one more was suspended why give me a reason,2,0,391.0.0.42.82,2026-05-16 21:32:26,,,391.0.0.42.82
f750d476-a4f5-44b3-b1a6-611f86e371b5,Mudenge Anton,https://play-lh.googleusercontent.com/a/ACg8ocIy77V0yWBA29FCM-OxMf6Vfp9odfftx-De2Oyahb7nvLc9yQ=mo,more interesting and enjoyable,5,1,,2026-05-16 21:32:01,,,
9704dcec-97fe-4b5f-b659-8ac038d192df,Kidus Dawit,https://play-lh.googleusercontent.com/a/ACg8ocKbD-PFVa4MgcaGNOC5sVgcvjH-Oey2epU-tqVwX5DIKr1SJA=mo,👍👍👍👍👍,4,0,429.1.0.44.70,2026-05-16 21:31:52,,,429.1.0.44.70
5e1099f1-ee59-4516-8616-25d92396c28b,Sudha Saraswathi,https://play-lh.googleusercontent.com/a-/ALV-UjXeqzuonYPjBNdYm_zn_z8bPjzrepghwjK-qrqjS51rb08keW7C,too good👌🏻👌🏻❤️,5,4,429.1.0.44.70,2026-05-16 21:31:01,,,429.1.0.44.70
27c787d0-52b8-4254-a83d-ee7ec35789dc,Miss Sarah Rose supronas,https://play-lh.googleusercontent.com/a/ACg8ocLqKL3SRL4AKxKLOKd6-ZkowyL4g5sAOeLwHvi7vFYHXJFZvw=mo,This app is and also can also costly experience for no reason why and you can browseing your favourite art works any thing you can browseing and wouldn't recommend this app because it does work on Mobile phones I'm giving reviews 4 out of 3star's and 3 out of 4star's and 4out of 4star's Excellent and fantastic and app wouldn't recommend anyone shouldn't get this app this app cost that's all My Rate this app reviews from Miss Sarah Rose Supronas.Yes I'm happy this app.StillKeep things positive,4,4,411.0.0.23.257,2026-05-16 21:30:46,,,411.0.0.23.257
244334f5-c8e9-4a57-a07f-9a48d4174382,Miss Riya,https://play-lh.googleusercontent.com/a-/ALV-UjW0XRmfP4i8f-zv-EVxlYFRp4DA_d9LHB2TfpBE3P2YuI51nVaj,❤️❤️❤️❤️❤️❤️❤️,5,1,423.0.0.47.66,2026-05-16 21:30:38,,,423.0.0.47.66
de471a7c-053c-46b9-ad43-b616bca7617d,Varghese Mm,https://play-lh.googleusercontent.com/a/ACg8ocJIaDaTTuAcNHvt3GCpzCW34ZSZLBJxpxLejrjufpe6CdBSwQ=mo,"this is so frustrating two of my accounts have been suspended or disabled for no absolute reason. This is getting annoying instagram, you're not giving us a response too and your AI is just having a lot of problems so please fix it",1,0,,2026-05-16 21:30:12,,,
a1a25885-2630-4bb7-9164-0f7d1146bb43,heena shareef,https://play-lh.googleusercontent.com/a-/ALV-UjV4HfTLh8to7T1PtouU_dDJ1q7hWDh7m7tlO7Mu9mdBwdbwD6Hc,You summited an appeal Dear Instagram team I am having a problem when I went to open my Instagram account they show choose Summit it appeal and I still follow your community guidelines please fix my problem thank you,5,1,429.1.0.44.70,2026-05-16 21:29:24,,,429.1.0.44.70
8f96374c-20a2-4d9d-a49e-4c83da48b562,Khema Moondh,https://play-lh.googleusercontent.com/a-/ALV-UjWNOkJjVsTxx0UTfF_Hwar89KGxNh9NLNs5AJsaBE15Ama-i-Q,super,5,1,429.1.0.44.70,2026-05-16 21:28:59,,,429.1.0.44.70
287aa071-1a4a-4795-a3ff-edd51bea32e5,mahesh kumar,https://play-lh.googleusercontent.com/a-/ALV-UjWKvxo1444C7Q9hmIlxslZ-CjHJg4qUvyNkSHj9gc01IJPIE-sE,This app help me to make friends,4,0,,2026-05-16 21:28:56,,,
b2c58840-59f9-406b-8055-c30992a17aef,Uchiha Madara,https://play-lh.googleusercontent.com/a/ACg8ocJqKgcWaqHi4X0qM-CvlaTikbMv5fbI4U-budpXMhmbVnkXVg=mo,I really like this app but I don't know why people are telling it trash,5,1,,2026-05-16 21:28:13,,,
e606b412-3a05-4f9d-890b-65d3ae462383,Dhajina Moorthy,https://play-lh.googleusercontent.com/a-/ALV-UjW9LCT7mTAW4EMuzweMD24wopKXIOWsot0RTUXsGYdg5KJJkBA,very nice and also safety,5,1,,2026-05-16 21:27:41,,,
55a55d1f-2cd9-4eeb-bb36-ae7923573060,Sonam Raj,https://play-lh.googleusercontent.com/a-/ALV-UjW7aQ9w8R_z0_JVC3vErff-gd8y33xIKLDyNY8TUBoPqrLHrB-y,very nice i am full happy,4,0,429.1.0.44.70,2026-05-16 21:27:30,,,429.1.0.44.70
4d514477-25c5-4ae0-9c48-7d42bfe0d13a,Sahil Khan,https://play-lh.googleusercontent.com/a-/ALV-UjXjewG6enz3MkiJbguU-ttVr6Xk4KuSYx7CA5orYXPBjJsfuDNV,It's very good but why are you not making my videos viral?,5,1,429.1.0.44.70,2026-05-16 21:27:01,,,429.1.0.44.70
6dbf51a3-731b-4f74-b7e8-e5cb8daebd81,tokis,https://play-lh.googleusercontent.com/a/ACg8ocJ7iN9i8DlpEUAAF9yQlJVxbyNz-jOwpB-fEmEPICWSjZSkfw=mo,bat nasa giled instants hahaha pang ewan imbes na kilegin sa kausap e mapapawe ng asem sa instant ng ropa,1,0,,2026-05-16 21:26:52,,,
dd5976e8-dfa8-459f-943c-f50bda7ccb7d,21ME37 Priyanshu,https://play-lh.googleusercontent.com/a/ACg8ocIPcDFtEHskbFOohWdevER8hCskzKjAA7Z3neA_EuqpnptbhA=mo,f***u aPp,1,0,429.1.0.44.70,2026-05-16 21:26:26,,,429.1.0.44.70
01e66420-fd0b-47bd-91ad-e15ff451a22c,Felix Tom,https://play-lh.googleusercontent.com/a-/ALV-UjWGgnRjVnoWw-sM2pIPGzvl15sJPOkk6vHUnw5NspHzrSTrFccV,I love Instagram,5,1,429.1.0.44.70,2026-05-16 21:25:55,,,429.1.0.44.70
31542a3a-5a2a-42ea-bcef-821a85a5e597,Aradhana Rai,https://play-lh.googleusercontent.com/a/ACg8ocJdAHU3fxFgIS_hsuY_0Bsb4bU-jc3Zg8bkPIUqdBs07l4sAw=mo,The best social media app,5,0,428.0.0.47.67,2026-05-16 21:25:32,,,428.0.0.47.67
0494ad7a-db9f-4ad3-85a2-c9d68b1d482a,Christian Joel,https://play-lh.googleusercontent.com/a-/ALV-UjVlIc6yHtZCxbAdhfN2sE827Jtm3Vxf3nDfvKix9m9vpx16Gg,good app,5,1,429.1.0.44.70,2026-05-16 21:25:03,,,429.1.0.44.70
60f2e5e9-f1b0-473a-bb90-478b1f69c678,Jonathan Chagnon,https://play-lh.googleusercontent.com/a-/ALV-UjVh92dkb6V07sjLK2w3reSVxjQ6HUiyhzth2kWIQZ-kgzYXCkHb,it good,5,0,429.1.0.44.70,2026-05-16 21:23:59,,,429.1.0.44.70
efde382e-1ea9-487e-9c09-69f40fae0cc1,Muskgitadi Kumari,https://play-lh.googleusercontent.com/a-/ALV-UjU35PysW-WwoQxAuDir9HvcoVKMTIlFmunVTK7h-PWrI3oso2g,I like it this aap but It Distracts my study,1,0,324.0.0.27.50,2026-05-16 21:23:58,,,324.0.0.27.50
5faf7be5-18ef-41e1-8285-8faf6f610170,Dishir Suthar,https://play-lh.googleusercontent.com/a-/ALV-UjVs7vV5elB9MY3T8etQtoejHMlTt1Fl2TA7o_oSZLeohEDYAj36,id suspended,1,0,429.1.0.44.70,2026-05-16 21:23:20,,,429.1.0.44.70
b1fc5337-90eb-4820-b881-af129b868204,Chandra sekhar Reddy,https://play-lh.googleusercontent.com/a/ACg8ocIfvDi9JI_6zkwz_USX4OZG1L_UwnGrogMcWP97WCMWaG-y4A=mo,super app,5,0,,2026-05-16 21:22:59,,,
74747b51-403f-41ed-a5e6-b95f6a698f33,Mohd Arhan,https://play-lh.googleusercontent.com/a-/ALV-UjUeeibtoNzIdmdyhtzj7EYeu1TqnL3YjzRDLamwaTgMxXAu483P,wow,5,0,429.1.0.44.70,2026-05-16 21:22:59,,,429.1.0.44.70
6f702d31-6887-4e57-acfe-ac8d1c81aca2,Ajay sidhu,https://play-lh.googleusercontent.com/a-/ALV-UjWvUMe153QZwgZd9au5eTlzUq87T0eM5EoEgqRa9kB_xGUK9yI,problem alorgythem mane problem alorgythem,1,0,429.1.0.44.70,2026-05-16 21:22:42,,,429.1.0.44.70
e772532f-a31f-4422-82c8-2f28845f2963,Ayush Kumar,https://play-lh.googleusercontent.com/a-/ALV-UjWxcB1Q0DHtJS1VpRFROWcfqqfAGsJvU_lk_4psTV8WOj2qSAFP,mera account shadow ban h please thik kar do😍😍😍😍😍😍😍😍😍😍😍,5,0,429.1.0.44.70,2026-05-16 21:22:25,,,429.1.0.44.70
0860c7f7-7394-4804-8496-67d870e7c7f6,Ujjwala Shirsath,https://play-lh.googleusercontent.com/a/ACg8ocK2qtp52wbICDF-l0gahXTybe-GJdNHFQc7rQBni0EljJYFEQ=mo,wow,5,0,429.1.0.44.70,2026-05-16 21:22:22,,,429.1.0.44.70
3cce62bb-cd95-4965-99bb-c62947bbeedc,Sayantika Das,https://play-lh.googleusercontent.com/a-/ALV-UjXya1RAUD5zs_LDL0SimPJbF7bXOcdJiDnFFKHAdsgLsAEz64sAaA,Wonderful for your type of people finding...,5,0,,2026-05-16 21:21:32,,,
14d34dcf-0e10-4d28-a5c2-88806d324167,Shwetha,https://play-lh.googleusercontent.com/a-/ALV-UjWwNyIsz7s8VnIZ0mtScsSFFV1FKVSA4gTCFsRRIgNu-aUpDtGd,"I'm having trouble opening my Instagram since today evening ,it was said that there was some bug in the app.I hope you fix it soon",3,0,163.0.0.45.122,2026-05-16 21:20:37,,,163.0.0.45.122
23cacdb5-e9ec-4abb-9330-64e2723a5325,Aiasyg Aossus,https://play-lh.googleusercontent.com/a/ACg8ocJMamqdNubTSjl3SCPD5EapNF2lAgznuW2BZUjVE7E6vSYGKA=mo,Add a suspense Kar Di Hai Meri Usko Sahi karne ke bare mein bataen Aisi kaun si galti kar di thi Jo Id se send kar do,5,0,429.1.0.44.70,2026-05-16 21:20:25,,,429.1.0.44.70
93427d1d-30cf-4360-9f20-781463d897fa,Kuldeep Popawat,https://play-lh.googleusercontent.com/a/ACg8ocKFbpEh_ALWiavF5IAoF4m-mpxxReGfIoRajlzeEnYZ0w9opA=mo,kuldeeppopawat.007,5,0,,2026-05-16 21:20:21,,,
8381aa78-5e41-4d05-87a9-1f58431a6fd3,Golu Kumar,https://play-lh.googleusercontent.com/a/ACg8ocKQ2gGzjafb7tkwjm_fPXiPG01nDLgPPZ2KfKSJdJCswV1bOg=mo,nice aap,5,0,428.0.0.47.67,2026-05-16 21:20:10,,,428.0.0.47.67
9e8e47a4-f857-46ea-95cd-90c89cf7a00f,Shubham Singh (group admin),https://play-lh.googleusercontent.com/a-/ALV-UjU62RD0eonFK4nx_E6h3XJGmtQDB-2vZbWkk-dwlI6jgnJy8u_r,nice,5,0,,2026-05-16 21:19:55,,,
1041b8e4-c6f3-48e2-baa2-25992574b919,Ansh Ravan,https://play-lh.googleusercontent.com/a-/ALV-UjW7Lq9OXcCj50VtlWsQk6cGYPUf8aCQDYwDDgzEbUoFyH9yw-nC,mere 6 account suspended ho gaye he yarr kyu,1,0,429.1.0.44.70,2026-05-16 21:19:14,,,429.1.0.44.70
69e17169-b3ee-4f4d-b9b4-fa5f4c2318c7,Radhe Kushwah,https://play-lh.googleusercontent.com/a-/ALV-UjVxAfCLyQLxS1svGdIuBjQiJjxZcqfJuZFNObOWsu3FmKD2Nmw,very excellent platform 💯,5,0,,2026-05-16 21:18:42,,,
0fb5ebfc-c25d-4f94-9452-efa51f740ab8,Nakul Sharma,https://play-lh.googleusercontent.com/a-/ALV-UjXa_AD84YYQUXVsNenPiYySFmxts9B0nHFFoAvE6BeHUJjcmYof,isse g*ndm*ra app nahi dekha Abe khud ki hi id login nahi kar paa rha hoon password change bhi Kiya tab bhi wrong password,1,0,,2026-05-16 21:18:23,,,
efc42269-983f-469c-b839-328a126bf2a2,Abhi Singh,https://play-lh.googleusercontent.com/a-/ALV-UjWFZspmykZ946tGM5XR-m3OrjVGac8mxLPVKC6fVzgPo4VA9lDu,👍,5,0,406.0.0.58.159,2026-05-16 21:18:00,,,406.0.0.58.159
40cc614d-5563-4d22-9c25-11635d9dc75d,Neema Morice,https://play-lh.googleusercontent.com/a/ACg8ocKFmqQqX_cC8lDVZBLSNvNTpVYUGMSiKAP7p8_J9KThp5qLcg=mo,nice👌👌,5,0,,2026-05-16 21:17:38,,,
daa5bdc1-eb2f-4a75-a277-66b93557ad19,RANAJOY UKIL,https://play-lh.googleusercontent.com/a-/ALV-UjULdebY0KjTBrN2L_rjIhyvy9axeveiJvmNe_k55eqXDT0KMRx2,"Remove this sidebar from message box, this new update is so irritating",1,0,427.0.0.47.73,2026-05-16 21:17:31,,,427.0.0.47.73
81d3f5dd-9ed2-4741-9930-da102ed6e16c,M Rivera25,https://play-lh.googleusercontent.com/a-/ALV-UjWD75tk66lu809sjL_0yqFnZzLS3iNePuoQX-loygIvvTEh3Xi6kg,"Meta suspended my account because its AI falsely accused me of something disgusting. Please stop using Meta AI to monitor accounts, it's defaming people's characters and I want my accounts reinstated!",2,0,278.0.0.22.117,2026-05-16 21:17:23,,,278.0.0.22.117
d7af3411-0421-4189-bbe3-9eba9004a8db,Hazrath Ali,https://play-lh.googleusercontent.com/a/ACg8ocLAFlFH839Ei8IhzxFvhI8gUlrF9tzvFC5ZqZs5Aq6VnB0wsQ=mo,entertainment,5,0,,2026-05-16 21:16:55,,,
167e97d5-0810-41b8-93e7-4179b44700d1,Mohit Jaat,https://play-lh.googleusercontent.com/a/ACg8ocJfFXWbzZ8l8MADQ-qTd2fXNOA47qRQb5XuJLAqODzWPEUuRw=mo,"Dear Instagram Team, I hope you are doing well. My account (bittu_vaishnav11) has recently been deactivated, and I believe this may have happened by mistake. I have always made sure to follow all community guidelines and terms of service while using the platform. I kindly request you to review my account and verify if there has been any misunderstanding. If possible, please reactivate my account at the earliest. This account is very important to me, and I would truly appreciate your support in",5,0,429.1.0.44.70,2026-05-16 21:16:07,,,429.1.0.44.70
78337dfe-6662-4119-b1be-b1d1f30c5b99,Kavita Chalwadi,https://play-lh.googleusercontent.com/a/ACg8ocJoDGwHY35F9jNhMyhw2_8mdIgiD7wXPh_kDyYVff9Q_fwl0A=mo,this is a good app this Best friend,5,0,,2026-05-16 21:15:16,,,
1ea408b7-f50d-46aa-8940-5dcb71192198,Aadil Tali,https://play-lh.googleusercontent.com/a-/ALV-UjUSnfii5X1SA-0STOIMEbm2fRLyKtY9oBQ91Lwxahd1dJ-YcjU,love you Instagram,5,0,429.1.0.44.70,2026-05-16 21:14:36,,,429.1.0.44.70
b600e249-e533-4276-89e7-9d0137230c8f,A Google user,https://play-lh.googleusercontent.com/EGemoI2NTXmTsBVtJqk8jxF9rh8ApRWfsIMQSt2uE4OcpQqbFu7f7NbTK05lx80nuSijCz7sc3a277R67g,Addicting...,5,0,429.1.0.44.70,2026-05-16 21:14:17,,,429.1.0.44.70
521ea19a-cf4e-435b-a420-bd7fc759994d,Teena Sharma,https://play-lh.googleusercontent.com/a/ACg8ocKmZWaWSzkKzfIdwNZE6naqX5NE-gylzEw8Bssj3MtQ5E8Xkg=mo,nice,5,0,,2026-05-16 21:14:09,,,
c3a1124e-8e9e-4e09-9af4-294b4b0294d0,Bubun Sarkar,https://play-lh.googleusercontent.com/a/ACg8ocL-8hfPBybvfvXTSrIZ8AiufbZHpU-3Npxg2wEWdVUIavxWIA=mo,very good👍,5,0,425.0.0.47.61,2026-05-16 21:13:35,,,425.0.0.47.61
0045028a-c908-4771-b589-1a7ce70ca216,MD SULTAN ALAM,https://play-lh.googleusercontent.com/a/ACg8ocK5SP3fnLTlycEBttWbK7C1V5fhZ2Ly5RqBPma-FRpv2cfZmw=mo,very very good app 👌🏻 👍 😊,5,0,428.0.0.47.67,2026-05-16 21:13:27,,,428.0.0.47.67
8ebc200b-abc9-4be1-8fd0-e7b03713e9f5,Taxi Rider Rawatji (Manku),https://play-lh.googleusercontent.com/a-/ALV-UjXRnUIyeucL78Qh5Sw-HR-mQOOVSv1hDS036xdty8UKvzD_je5o,instagram suspend problem h,5,0,364.0.0.35.86,2026-05-16 21:12:46,,,364.0.0.35.86
b66b14ee-c5f6-49e9-aae7-9dc25d395ca4,Tashu Giray,https://play-lh.googleusercontent.com/a-/ALV-UjXQjPRRyRqUAwTDuztOEHJdhpSE_mwyE_d6HUA6k9-zDwmr1eBB,awsome features updated,5,0,429.1.0.44.70,2026-05-16 21:12:19,,,429.1.0.44.70
0ffef118-63ed-4163-a0a9-797b1cdba31e,Md Sami,https://play-lh.googleusercontent.com/a/ACg8ocIZpJ1xRGk7xoRLJEhGjul2phtCBgMTNmX-JROTi5RP7jGAAA=mo,bohot mast app h lekin youtube on top,5,0,,2026-05-16 21:11:17,,,
6b112f3e-0cc6-41a5-80ee-bddf9f7cdf3e,Sharad Rajput,https://play-lh.googleusercontent.com/a/ACg8ocIKIggZ7RlpmxlnDwhM4tEbhZAkaCAW46AH0ehXvnbuvkQeNg=mo,duggi dhunde ki jagha,5,0,,2026-05-16 21:11:16,,,
c5c5e505-e377-43d5-b074-e58801ba38c1,Komalg Gulashan king,https://play-lh.googleusercontent.com/a-/ALV-UjXOdmFvBLViZW9kJ-_lFudzVBG3jwAsFHr9aTBG3o_daxCznYY,ok,5,0,429.1.0.44.70,2026-05-16 21:11:11,,,429.1.0.44.70
2261f1ff-d9b7-48ad-9dd1-d7ca5bdece7e,Sohil Khan,https://play-lh.googleusercontent.com/a-/ALV-UjVtDtn1pCHG1VwHNDZQAgZKZs079je97S2s13Qka92jDBGvGzWbCw,please solve comment see more option we are pressing but it not working,5,0,403.0.0.49.74,2026-05-16 21:11:01,,,403.0.0.49.74
d583bda9-955b-4496-ab9a-1400a8d9288a,Deepika Deepu,https://play-lh.googleusercontent.com/a/ACg8ocJ77xc9gwKeCtSKJ3VsOY7r9FcuwWYSKNV1J0SscEmw97kwdg=mo,bste..instagam...👌❤️,5,0,429.1.0.44.70,2026-05-16 21:10:47,,,429.1.0.44.70
50d77b8f-1e1c-4574-a9f0-184112588d1f,Syed zaidi Syed zaidi,https://play-lh.googleusercontent.com/a-/ALV-UjXGIuS3z21l-xW8zmAyTRO92-1XiddZ40A66Mhc6Yj3zuhuiaU,very good app thanks for Instagram owner,5,0,413.0.0.41.84,2026-05-16 21:10:35,,,413.0.0.41.84
fd11ba30-96c3-43af-b5d5-65dd89858f63,Deep Modi,https://play-lh.googleusercontent.com/a-/ALV-UjVMSyo7KXQuBCCY29EmX_A_c_b5mE_beRXS2RZI0UjtMZz2Y-Ze,best 💯,5,1,428.0.0.47.67,2026-05-16 21:08:57,,,428.0.0.47.67
138e390d-e446-4181-a0de-a2b923625a83,Md Mustafizur,https://play-lh.googleusercontent.com/a/ACg8ocIiwMMU_SWnV20jzeKT0IOx1XVjB62I9l8UmUMkZwXg8JYbaA=mo,Account disable,1,1,425.0.0.47.61,2026-05-16 21:08:47,,,425.0.0.47.61
9d650f04-ddb4-4c1f-9356-6f4c473948df,Gayathri Gayathri,https://play-lh.googleusercontent.com/a/ACg8ocLuKt51srPAWKhd1MJh10LnKk2B7kuHK8edmH1pA_m0Fwa33g=mo,it's so useful,5,0,,2026-05-16 21:08:13,,,
5610fe08-fa2a-4ea9-88a6-d6d7dca9f97e,Khushboo Gupta,https://play-lh.googleusercontent.com/a-/ALV-UjVHC5O-yuS7asyHnp-SwU9IcNKwAG3521sK_TGokd2jpPO-Rv1flg,tge best social media platform 🙌 👌 👏 💯,5,0,273.1.0.16.72,2026-05-16 21:07:30,,,273.1.0.16.72
1c4ce824-8df6-47a0-81cc-511ba7db5a75,Sept,https://play-lh.googleusercontent.com/a-/ALV-UjXngLUxC3IV4nFUfUfbpg7DVn4-yb8dam3i0LncXpc91lCmUMM,"Please fix your app, a lot of people have been getting banned for no reason. it's pissing me off, imagine my new account hasn't even lasted a week and suddenly you ban without any reason.",1,0,429.1.0.44.70,2026-05-16 21:06:08,,,429.1.0.44.70
08224cc9-a93e-4e16-ac5c-fd80a7f49c35,A Google user,https://play-lh.googleusercontent.com/EGemoI2NTXmTsBVtJqk8jxF9rh8ApRWfsIMQSt2uE4OcpQqbFu7f7NbTK05lx80nuSijCz7sc3a277R67g,good app very interest super,5,0,320.0.0.42.101,2026-05-16 21:04:51,,,320.0.0.42.101
e6be6b3e-7985-495d-807b-4e9109b2abb0,Arun Shah,https://play-lh.googleusercontent.com/a/ACg8ocJD1omdgkNNdFYaQBwNfx1Ui2zZzlMOn9nNTkl-Hs6PrzL1=mo,I love you 😚 everybody 💞😘,5,0,,2026-05-16 21:04:14,,,
9aa6e335-80ba-428f-9ff5-6aca0930faf9,irfan Reja,https://play-lh.googleusercontent.com/a/ACg8ocJFBG3hej6AF0vloHr1ty-iRt7UiDpO6XxsPR6uSm7R6M0dzA=mo,2m followers,5,0,429.1.0.44.70,2026-05-16 21:04:04,,,429.1.0.44.70
80b1afce-ba9c-4353-9962-4929677b3b2b,Bhumika Tanwar,https://play-lh.googleusercontent.com/a-/ALV-UjVpxaL3Fkx-508QJEe58yc2xQv-M2Pl_tD-1GBMZ8QCJPaQ--k,"this app is soo good, but I request u Instagram plz make my reels go viral 🫶",4,0,429.1.0.44.70,2026-05-16 21:04:03,,,429.1.0.44.70
500109e7-16c0-4f4c-8e6e-1703baac59ff,Mohammed,https://play-lh.googleusercontent.com/a/ACg8ocJVA_G5Hl8EsYOqt6_X0PAV63eoNw6mIyzk-zGZPopydIIrxQ=mo,👍,5,0,429.1.0.44.70,2026-05-16 21:03:56,,,429.1.0.44.70
a200092b-3546-47cf-ad7d-41a6da7e5582,Rekha Bharwad,https://play-lh.googleusercontent.com/a/ACg8ocJbvhVttkVYpGmh6zVmgqLbXpSO6CxlAupDKtyKJt96mO3jEA=mo,sahil Bharwad 66,1,0,,2026-05-16 21:03:48,,,
da3907ef-c641-445b-8862-22b4c387eaba,feverdud,https://play-lh.googleusercontent.com/a-/ALV-UjUQdF8gg4mLVFJ1hGkeo6suS1N_aAEYPNakVJNCAyneBXMtFww,Where's the racism so I can avoid it,5,0,,2026-05-16 21:03:26,,,
40824731-bf84-42d0-adfe-7cd24c887b1d,GAMER 2.0,https://play-lh.googleusercontent.com/a/ACg8ocJeCpSOVqYiUPT-V55EXrx1nQtvQMGpYLEyayhtCMawtYR2Iw=mo,jo id bna rha hu sari id delete kar rhe hai is se acha toh me facebook chla lu par facebook ka bhi udva diya in logo ne Instagram company app band krdo apna aur kripya krke aisa bakwas app koi install na karen,1,0,,2026-05-16 21:02:31,,,
e8f9c902-7686-4ac7-bb9f-fd2d15a5b9ae,Raja,https://play-lh.googleusercontent.com/a/ACg8ocIT-6eytXeTDNx1ykf6gQaYz9xDXaVsIxw30LLyuXxENeupnw=mo,can you upload your video will start,5,0,,2026-05-16 21:02:05,,,
494ab23d-604a-4701-9169-cdf8e85209e4,Jawaid Ahmed,https://play-lh.googleusercontent.com/a/ACg8ocIMOEKjp563WZzwDiDwsk7cl8HcojisXO4K4-8bf97L0672x_A9=mo,good,5,0,429.1.0.44.70,2026-05-16 21:02:00,,,429.1.0.44.70
96dd2880-13f9-46a9-8e61-cf5bb61a2ed1,T Tuhin,https://play-lh.googleusercontent.com/a-/ALV-UjVbd5XvlnL4jCpkOwFbQP2eDIauekO4_mv8WIkTdpMrtGFBLVmk,that’s application obsoletely good,4,0,427.0.0.47.73,2026-05-16 21:01:58,,,427.0.0.47.73
94b2c055-9ad5-402d-9ba9-c487f009fd75,Bouchra Rif,https://play-lh.googleusercontent.com/a/ACg8ocJb5boKmGveea8mQn2bAAz86ZSEhNvnoKzcst0jkV_Wy6DGbg=mo,منعتنهتونهنافلةتنن,5,0,391.0.0.42.82,2026-05-16 21:01:29,,,391.0.0.42.82
9a88d76b-a6ba-4db5-9b3c-84f9e92329f7,Arbaz City,https://play-lh.googleusercontent.com/a/ACg8ocI85k9a7vcYgIkineq6hcu-qhYwiJw3YmWcWmmTU5zuVfLq8w=mo,Instagram Mera account report Ho Gaya,2,0,,2026-05-16 21:00:50,,,
bd3c8f7d-4e2d-4639-8717-f4a30189f66b,Sorin Awungshi,https://play-lh.googleusercontent.com/a/ACg8ocIRDnAEEmMrtSr9EROUmT9GWAy_7InTDxszKCoE1z4NgCk4KQ=mo,Perfect app,5,0,336.0.0.35.90,2026-05-16 20:59:26,,,336.0.0.35.90
54a8cfe4-17f5-40a5-ad5a-ef71a2420250,Jacob Atlas,https://play-lh.googleusercontent.com/a/ACg8ocL3slxthwZggJ1avWPlOhk1pU8aDM0ZO-Cd0kI9SR1N8Avaqg=mo,Smooth and cool app,5,0,429.1.0.44.70,2026-05-16 20:59:21,,,429.1.0.44.70
02257724-466e-49ce-b7d2-a7fe19959817,Anantaramsingh thakur,https://play-lh.googleusercontent.com/a/ACg8ocJqPHHOyBjvB5PyCxex1x_JpbgWP36uUIxpjutxrURbqKzmg2mq=mo,love you,5,0,,2026-05-16 20:59:10,,,
7244282b-29a1-4eb5-b5ec-b3b812bd7a27,Shivam Kumar,https://play-lh.googleusercontent.com/a/ACg8ocJZH-8baIetT3Vy6wMhxIQICCx1UciqXOwQSpnN9yB_LBvwjw=mo,Best app,3,0,,2026-05-16 20:59:02,,,
94b3f6e1-7dbd-4eb5-8141-b34bf4e88353,dharmender singh chauhan,https://play-lh.googleusercontent.com/a-/ALV-UjWNxYqjmoD1Lb0LQmmU_S7qDPWEiCncO1HajiY9op0AFEO2d4Y8Cg,my id suspended without any reason and he dost not take sch id card and etc,1,0,,2026-05-16 20:58:38,,,
a5d773a0-763e-4d50-8393-0f30a311d7d1,Saumya Investment5,https://play-lh.googleusercontent.com/a/ACg8ocJnL8CHP3Ax38C9TZIhc88APiMWyRNdRMaGowMvUk0RKYSpnw=mo,cant upload tax info. every time some error occurs,1,0,429.1.0.44.70,2026-05-16 20:58:36,,,429.1.0.44.70
410eaf23-450e-49ed-823e-562f065f95f0,Sunitha Ravuru,https://play-lh.googleusercontent.com/a/ACg8ocJdDxuiF66ZFsr9_m-i9YqXIrJg_xfUFYgpHdaFTeaD3BlHD78=mo,super super 🤟🏻,5,0,429.1.0.44.70,2026-05-16 20:58:10,,,429.1.0.44.70
1c1bc40b-2a14-4f9c-9698-84587259b9da,Tingneichong Esther,https://play-lh.googleusercontent.com/a-/ALV-UjWOZW04M_YuAKVgRiCFcOym13pQ6pzRG6lWeV0ctSN30Jqt6WWM,I love it,5,0,429.1.0.44.70,2026-05-16 20:58:10,,,429.1.0.44.70
b9868f8a-2ebd-4082-bbd8-5727547d3d99,Raj Chokotiya,https://play-lh.googleusercontent.com/a-/ALV-UjUWYYZUqXfGS1IkzsYV3Qe3nGv_m97s_G7B2v0SkzBBSys_410,my filter not showing id name xyz. __hero,5,0,,2026-05-16 20:58:00,,,
4e600442-d8a2-45f8-be60-b9d1220f2c52,Santi Devi,https://play-lh.googleusercontent.com/a/ACg8ocJ-DNZOT_HXlkycJX1fGit27MmBuu_v2za1ytKEQbUM-Y5I=mo,good aap,5,0,428.0.0.47.67,2026-05-16 20:56:34,,,428.0.0.47.67
7cc1d6fe-f011-49a7-9450-81dd5678d3e1,L Rajeswari,https://play-lh.googleusercontent.com/a-/ALV-UjXEh2cBckNqFxlJ5FUejSrQo5oTaGQiwZkIm1V0rYON4mURZJ6e,reel reach,5,0,,2026-05-16 20:56:19,,,
6ddad6d3-4c4e-42e8-a6ce-584f3d4af4f5,Lioram Sahu,https://play-lh.googleusercontent.com/a-/ALV-UjWgG5BUdifTWdsv_HPiwjwUeFAKLU8jO9imgWMwbxwkYFZz3FY,good,5,0,429.1.0.44.70,2026-05-16 20:56:18,,,429.1.0.44.70
2daeb521-46b8-4717-9cff-5e812285b527,Sonu Biswas,https://play-lh.googleusercontent.com/a-/ALV-UjU_ngv0wwblaFIxVbkJhyLejcslKFslnRGCHXG4VOaMW5puNtM,best app,5,0,429.1.0.44.70,2026-05-16 20:56:05,,,429.1.0.44.70
3b769514-7705-4cbc-a6c6-3b8e36cf0bfe,Krishn Kumar,https://play-lh.googleusercontent.com/a/ACg8ocJY-HUu05C6HWUCMpZvg2cnLAwyg_r9xbvTY9jyNPQ_0Gn5mQ=mo,ye app me thora sa galti hone par account band kar deta hai,1,0,429.1.0.44.70,2026-05-16 20:55:37,,,429.1.0.44.70
8288f028-a389-4f89-b549-72d8f4887895,Noyo,https://play-lh.googleusercontent.com/a/ACg8ocIziFE-1n_Mlgnj_gASBBiHNR1FUvXOj5BGlSjfa9ybIrbTaw=mo,it helps social life,4,0,429.1.0.44.70,2026-05-16 20:55:17,,,429.1.0.44.70
dd72cc48-2c24-4532-a12c-e35acb95676d,Kuldeep Chaudhari,https://play-lh.googleusercontent.com/a/ACg8ocKU16_WptoGwGJyZJXWdRSLFT4SHS6yA1aeb_95pnSAF89SIQ=mo,is a vere goooood,5,0,,2026-05-16 20:54:19,,,
94bb07aa-baeb-4423-b22f-935d42ebc075,Shakya Gimhani,https://play-lh.googleusercontent.com/a-/ALV-UjW7tNWYnV-x6FMIakS6dbpOpwDWWWaaduL3_yB0v5J9pyP2-Q,good,4,0,,2026-05-16 20:54:09,,,
7cb1d740-da76-457d-99af-4c751b54007a,Shubham Kumar,https://play-lh.googleusercontent.com/a-/ALV-UjXVWGAraPcDiFsMw_HbEm1-Or3_vi7HOKSCvPaoBZDkk2pHFg1Z,I can't sow is ristyali filter with instagram story,1,0,429.1.0.44.70,2026-05-16 20:53:00,,,429.1.0.44.70
084b0d97-14c2-4160-bd1c-e04f6f57dd5a,Saniya Thakur,https://play-lh.googleusercontent.com/a-/ALV-UjWfmafHZElZH7_IxGuhupLKfmiSRzrER9ryNsWizr3TJwqqECmg,"this app good for socialism ,but nowadays instagram spending ids without any Pacific reason.. if you made new I'd from other emails or phone number still instgram spend your I'd ....I am very disappoint with this mistake 😡",5,0,429.1.0.44.70,2026-05-16 20:52:56,,,429.1.0.44.70
852e51a4-57c8-4d50-9b3b-fd681fd4afa6,Kalu Kumr,https://play-lh.googleusercontent.com/a-/ALV-UjVYLJ-9KC4Ik8AY7D-DrD_3OpNDvxPFcFz9O3N4tlgltZTvUBE,KalluKumar Chauhan ji ❣️,5,0,429.1.0.44.70,2026-05-16 20:52:50,,,429.1.0.44.70
730fa16e-0374-4c20-b6c3-9877d5e18d08,Criexyl John Repaso,https://play-lh.googleusercontent.com/a-/ALV-UjWUUOF2yxL88vNl-zrxHwZ8xcPtI_LTbeJ1o2_ssoHO52ba8EIf,"I was suspended for no reason, and no matter how I made a new account, it directly became suspended for the reason that it's connected to my suspended account. Currently disappointed knowing that I badly need to have my Instagram account for school purposes. How I wish, I can still retrieve my account. I badly and urgently need it.",1,0,429.1.0.44.70,2026-05-16 20:52:25,,,429.1.0.44.70
db49a91e-363c-4aad-b4a9-d485f5638ca0,Lokunamyabi Lokinamyabi,https://play-lh.googleusercontent.com/a/ACg8ocIdEwT3H4Jxt5e9kxpAoWeY4jj2oOm3dAiR5f6yJy-TeM8-ig=mo,nicy,5,1,407.0.0.55.243,2026-05-16 20:51:25,,,407.0.0.55.243
d9e5e71d-dd77-499f-8a5c-441cf2df85e7,Shahid Ail,https://play-lh.googleusercontent.com/a-/ALV-UjXbhNV_WICNvA1ekEutTX3u74pf3VjE33RA-TpbuImU0gUtwng,Shahid babu Instagram,1,0,,2026-05-16 20:51:21,,,
41bc42cc-2b51-4dac-8550-e9b4e0668629,Anaszaxoli zaxo,https://play-lh.googleusercontent.com/a-/ALV-UjVEB267aqJkklDdRIHF_P5AdIkDP6YRIg94VOLLzqujbGuFusM,absolutely garbage There’s a lot of inappropriate content and So many people are getting banned unfairly because of AI moderation,1,1,,2026-05-16 20:50:10,,,
e6551e62-0c91-4446-8096-f2d7f124b897,Pa̸vel Islam Hridoy,https://play-lh.googleusercontent.com/a-/ALV-UjVkNg7cHDvSuLKkNE__Np7bXAprZCUfoHNoht0wRAgVwoiREjq5,"🤬😥 I can’t take it anymore without reporting this issue. I’m using a Redmi Note 13 Pro+ 5G (Indian variant), which is one of the best smartphones I’ve owned. However, while using the Instagram app, the scrolling experience is not smooth at all. I don’t know what kind of bug this is in the Facebook app, but it seriously affects the user experience. Can Instagram fix this problem in a future update?",1,0,,2026-05-16 20:49:42,,,
9c548ee6-aeec-4685-8fe2-5209077a132e,Lusi Mandal,https://play-lh.googleusercontent.com/a/ACg8ocLdrp8o3ravYl-1e7QukkwOR6mNBppc0XKzS58M9_RKnfa1Uw=mo,lucky Ali Khan Adrian levy Vasundhara Raje to discuss with you too baba khai la ki mo,5,0,,2026-05-16 20:48:52,,,
2c4aa45d-fb97-4bde-addf-edecd8d6af32,Chukur One,https://play-lh.googleusercontent.com/a/ACg8ocJR6pdVojmrs5v5IUjLogZQOXyJYv4BCjombnjxifg7tkqGQg=mo,Learn more,5,0,278.0.0.22.117,2026-05-16 20:48:46,,,278.0.0.22.117
7f478381-7589-4178-b106-21aac0f1c870,Mr.Ajay Verma,https://play-lh.googleusercontent.com/a-/ALV-UjXFwTsEhDt6XarJeft5uMmVuVjS7GdC_pY-eWuyV_RCUhfgPYO-dA,"most powerful platform for entertainment and learning and virtual community, brand building",5,0,429.1.0.44.70,2026-05-16 20:48:27,,,429.1.0.44.70
51d2955b-27cb-4975-9b32-c0545e6b5537,Sourabh Safi,https://play-lh.googleusercontent.com/a-/ALV-UjVnHTWg4ji475C_2rIDSWzMpAKTh_rXDDaQr6zWu9Yupq599iI,💗🥂🖇️,5,0,429.1.0.44.70,2026-05-16 20:47:46,,,429.1.0.44.70
0a8575f0-bca5-4560-b857-fe26059b6039,Adheesh Sadanandan,https://play-lh.googleusercontent.com/a/ACg8ocIVKwqXPl0DvappDM1z-EVUzd-TUR7Xzfmv2I9AqxiMoVelJg=mo,very good,5,0,429.1.0.44.70,2026-05-16 20:47:17,,,429.1.0.44.70
36ade9cb-2408-4a0a-990a-3b8d250fe13f,ndweleni Muofhe,https://play-lh.googleusercontent.com/a/ACg8ocLk4kc8mpgHo4lAEUzVXADeRmM4hnP0j4jIy7pMfW-_jevy1g=mo,best app ever so guys yea I love this app very very much good luck to the people who will use the app because u can do almost anything but yea love love the app very much the best wow impress alot bye,5,0,,2026-05-16 20:47:17,,,
41542a44-3f0a-49c7-a94c-385bdba28f28,Tharshana Amala,https://play-lh.googleusercontent.com/a/ACg8ocIGzQhK3ZbbJJlGSuGUVHdeMROhamvCgR3qNI2nCS6gjXwOIA=mo,good,5,0,,2026-05-16 20:47:14,,,
c17895b7-4ce7-447a-8232-b567663cb5e3,Lakshman Santra,https://play-lh.googleusercontent.com/a/ACg8ocJhZMO_dzntTv6hAkt6Kvngqa8MAyv6dDVENKAoP89JKEsz=mo,nice,5,0,,2026-05-16 20:47:13,,,
fcb6569a-27ef-4441-8c4e-5c86246dfcf8,Manika Pd,https://play-lh.googleusercontent.com/a-/ALV-UjWKnFEWQ9dV00qyVjwhgDu2a-xZll6gkmmgGRRIt1CU_0RmZqgNjQ,nice experience 😄,4,0,227.0.0.12.117,2026-05-16 20:46:57,,,227.0.0.12.117
cbcbba62-4222-4db7-90b3-2fe6c63df921,Anju Yadav,https://play-lh.googleusercontent.com/a/ACg8ocL7rRkNTw7Zx1efs43C0b9l-ZHauAz1oqNOvXH2twnPWGI8kg=mo,good,4,0,302.1.0.36.111,2026-05-16 20:46:32,,,302.1.0.36.111
afbb5116-3139-4781-be7e-0c6f30720e11,Mr. Alex,https://play-lh.googleusercontent.com/a-/ALV-UjVmwo8uRgEUVt_GC_bk_v7g1lkdnnltYyFHteJbDWIejiuy0HCc,feeling good,5,0,428.0.0.47.67,2026-05-16 20:46:02,,,428.0.0.47.67
47858df4-de42-4e42-a7b2-bd9b9e28dd3f,Santanu Singh,https://play-lh.googleusercontent.com/a/ACg8ocJwosyk3g6p7ZA09Bsd343i29Xl2XUL4W0GwINr9pFfspBGUA=mo,Dowwnlode nhi ho rha h,5,0,,2026-05-16 20:45:10,,,
e700952e-7dd0-423a-bc31-e23dbc7622f5,Mohamed Youseff,https://play-lh.googleusercontent.com/a/ACg8ocJ8RCanJrAyTXvoj4qFQytFjwLFd5_SZHDPBEetXipHa6YJJw=mo,great,5,0,,2026-05-16 20:44:16,,,
01479a02-e87a-4db2-9303-fef0089d1459,Prince Kumar,https://play-lh.googleusercontent.com/a-/ALV-UjVldIHyH3P9bwUJBrmeQe7O8Jw9si7DQ5Tfixmt3GUK6HHAEm2e,meri ID suspend hogi,5,0,429.1.0.44.70,2026-05-16 20:44:08,,,429.1.0.44.70
50218e5d-aedf-4bf0-b7bb-77391582d77e,nube joven,https://play-lh.googleusercontent.com/a-/ALV-UjUNafEs-ns1CyfEcOISmO-6BDnAglSGRbgsgxRwguvcnjTkSuA,very cool ngl,5,0,429.1.0.44.70,2026-05-16 20:44:05,,,429.1.0.44.70
9d7e6abb-526d-41b1-aea2-d57d9e053710,Ghunaz321 Chishi,https://play-lh.googleusercontent.com/a-/ALV-UjX-v-M-kDIR3bLYWw6x_hVFcBCc2f4Jc1s9El31H83dUGiVbGpq,i can't log in even with the correct password,1,0,429.1.0.44.70,2026-05-16 20:44:01,,,429.1.0.44.70
a6e263c7-3482-40bd-a8a8-faf8dab281aa,MDM Taseen,https://play-lh.googleusercontent.com/a-/ALV-UjWDrz3pk8BZGbJwRo9FlMH_ANAHsu3sNuC2HCtHgt-cl2IqHoe3,"so nice app,, i like it",5,0,429.1.0.44.70,2026-05-16 20:43:44,,,429.1.0.44.70
89db4790-1677-4f61-b446-b7381d43fe38,Sunbal khan Sumikhan,https://play-lh.googleusercontent.com/a/ACg8ocKN5NswsK_3E8gZkP1vFhqwYKLVJfKtaf-haIl_QoKxJs_2=mo,I love this app cause it's very entertaining,4,0,,2026-05-16 20:41:01,,,
bd7706cf-0fb1-4f2f-a814-3847caf6096f,Ranjan Kumar,https://play-lh.googleusercontent.com/a-/ALV-UjUw2dir-cQ6RA3WsPSvCOTFFwhijctyUALXvUFrtyHy-X8PK3U,bekar app hai 😭,1,0,429.1.0.44.70,2026-05-16 20:40:28,,,429.1.0.44.70
1e13b23a-83d4-4782-8972-064238a53485,Johanna silva,https://play-lh.googleusercontent.com/a-/ALV-UjVp_ZM-5N9cPP12c5qtr0soCgkSV2fLeUVv4LMZLhnwESMoV2fn,very Kool app.,5,0,429.1.0.44.70,2026-05-16 20:40:25,,,429.1.0.44.70
ed105ae1-85a4-4a99-8107-752248a7df6d,Rasheena Asif,https://play-lh.googleusercontent.com/a-/ALV-UjXQZXdMMMaFX5iqYUz7iih_wUgVaPV1nraAMZDtfP7j703tQ-40,❤️,3,0,429.1.0.44.70,2026-05-16 20:40:22,,,429.1.0.44.70
40acc54c-07b0-4bff-8a6c-5b521a5434de,Fhakir Hussain Director (Fhakir),https://play-lh.googleusercontent.com/a-/ALV-UjVXBmqbZB7Fu_OrvqHQUbEBUe0q6lD8QRS6LmsAeEpnbGTByrs,Super awesomeness,5,0,429.1.0.44.70,2026-05-16 20:40:16,,,429.1.0.44.70
b0821e51-896f-4a51-8364-d9eda2a18b46,Krishna Parvana,https://play-lh.googleusercontent.com/a-/ALV-UjVV5_75spn5xQBg9mGAp_2aCIFuTuYPzG-Kv2T_0CwWFu790mQ,🤍,5,0,429.1.0.44.70,2026-05-16 20:39:43,,,429.1.0.44.70
324ab0bc-663d-4665-8fb1-87fc16f2d1b8,Talha zafar,https://play-lh.googleusercontent.com/a-/ALV-UjVB7nUNA92CdjUY9Qyi7tHoZylABmmlaVf4_oRem3LsrJef-A1L,At first I loved Instagram alot and I'm using Instagram since 2014 but now my account keep getting banned for no reason. Instagram banned my 20 accounts and I'm not gonna install Instagram again I hate Instagram 🥲,1,1,380.0.0.49.84,2026-05-16 20:39:26,,,380.0.0.49.84
dd7fe911-7934-49af-82c9-eb68c52bc379,Prithviraj Alava,https://play-lh.googleusercontent.com/a/ACg8ocJki7YcmYeOBgXUKkrrOySZhxADWxymap3ylAOphbBEPDnoHA=mo,🧿,5,0,429.1.0.44.70,2026-05-16 20:38:59,,,429.1.0.44.70
6256dcb7-1e5f-486d-8746-135dbd2c570b,Sanip Ansari,https://play-lh.googleusercontent.com/a/ACg8ocKLCwTw8JOJhmlnIC-KKbNcXMdUTlnSgPGGaLYZq_7EajcglQ=mo,nice,5,0,428.0.0.47.67,2026-05-16 20:38:57,,,428.0.0.47.67
ab7bbf17-4da2-408d-9f6a-30e58dbc95f3,Om namah Shivay,https://play-lh.googleusercontent.com/a/ACg8ocLeclS-zd_lUOJOH-OE2PGWdIdSJs7Jsjl53BFnKz_xcce_NQ=mo,Instagram is the best app no words for it 🥰❤️,5,0,425.0.0.47.61,2026-05-16 20:37:41,,,425.0.0.47.61
6f3c3cfe-541d-4bd6-905d-99cd4757baa8,Sr Zapda,https://play-lh.googleusercontent.com/a/ACg8ocJ4fe8vVEEn2BX0RG7ZU6-GbYrP9Y8uwxmECnB8oL_eg5jOmA=mo,😂,5,0,410.1.0.63.71,2026-05-16 20:37:32,,,410.1.0.63.71
97066927-a766-4b89-8899-b082b701a99c,Govind Sharma,https://play-lh.googleusercontent.com/a/ACg8ocLslnIeSIPCxXBaD9qesuk1lfLTyKEVDHjneNYz3gH1JA0Rdg=mo,best,5,0,429.1.0.44.70,2026-05-16 20:37:05,,,429.1.0.44.70
f8ba2363-1965-4c95-a284-525f92cbccf3,Sania Haider,https://play-lh.googleusercontent.com/a-/ALV-UjW4c2yithdcIyVNL0H5ZfmwAuJYypO173ymg72tJru7UFota_ehxQ,I hate this instant feature.,5,0,429.1.0.44.70,2026-05-16 20:36:40,,,429.1.0.44.70
620a8dac-4785-4e7c-baf5-ef575bf07338,Supriya Hodavadekar,https://play-lh.googleusercontent.com/a/ACg8ocIF26ZzoVKDNAtXJcYJKBbVOuwkn706m4JyGZTW-JSMg9ks=mo,best app,5,0,429.1.0.44.70,2026-05-16 20:36:21,,,429.1.0.44.70
447b91e0-37dc-4a3a-a824-3c7b834c35a6,Roman Khan,https://play-lh.googleusercontent.com/a-/ALV-UjW9PxKw9A3dlUHLeaf7_QqdEHPytHEkuOoviuYPWgs5ZCq51KeH,trash bans for no reason,1,0,,2026-05-16 20:35:53,,,
2b9e2206-d174-42f4-b8ce-95d69fac22f0,Alone Sss,https://play-lh.googleusercontent.com/a/ACg8ocLD6BK5_lF7V1uiiNHIX_UEJlBjXsA--svMOhtFrf8oXjcmtA=mo,dirty aaappoo.,1,0,,2026-05-16 20:35:41,,,
95d736a3-e480-482a-bfcb-fa29cf1c071a,Dil Shah,https://play-lh.googleusercontent.com/a/ACg8ocIeMHTLsxPaVXLvaOuKZht09Klg2rK_mLfJzKnyuF6DMGbWGQ=mo,bestest app ever,5,0,417.0.0.54.77,2026-05-16 20:35:40,,,417.0.0.54.77
746c3be3-a08c-4c54-8dfa-024b107a041c,karan sharma,https://play-lh.googleusercontent.com/a/ACg8ocLAHW43i9IAWyI9Lh_DzDZYAvpKkgTx4a-4PEOkYH1ypT4Xuw=mo,good appp,5,0,428.0.0.47.67,2026-05-16 20:35:39,,,428.0.0.47.67
0eae0a2f-c856-4d56-8f62-da3d155f476e,Laxmi Sharma,https://play-lh.googleusercontent.com/a/ACg8ocKwOvUD7xWKQhB0ouEseMscJ1_2wxnCDE908BU-SDlSFkb94n4=mo,this app is good ..because in this we can be connected with are loved ones 🥰,3,0,417.0.0.54.77,2026-05-16 20:35:34,,,417.0.0.54.77
185ead35-8377-4c22-9cbd-76f7a237e676,Aarti Rajoria,https://play-lh.googleusercontent.com/a/ACg8ocJeABFrEEDVSd1Ls6uNYNZT1-scgFS1vtrpL4sa02gZddSZ2Q=mo,🥰🥰🥰,5,0,429.1.0.44.70,2026-05-16 20:35:08,,,429.1.0.44.70
9f51b7fc-9047-4a23-a126-829e1168dc14,Marufa Akthar,https://play-lh.googleusercontent.com/a/ACg8ocIJrg42E-lHLD4pjtNU7-FmjkKli58C3fn0RYMYWwdeizJdQg=mo,"“অ্যাপটি খুব ভালো কাজ করে, ব্যবহার করতে সহজ এবং দ্রুত।” “ডিজাইন সুন্দর, পারফরম্যান্সও অনেক ভালো লেগেছে।” “দৈনন্দিন কাজে অনেক সাহায্য করে, ধন্যবাদ ডেভেলপারকে।” “অনেক উপকারী একটি অ্যাপ, সবাই ব্যবহার করতে পারেন।” “খুব স্মুথ এবং ইউজার ফ্রেন্ডলি অ্যাপ, আমার ভালো লেগেছে।”",1,0,,2026-05-16 20:34:46,,,
a9bf89b0-1e83-4411-9c66-8e9bee5ef37c,Sajal Bajpai,https://play-lh.googleusercontent.com/a-/ALV-UjVXa892Ru0pcsJ0wIsOoJXu819Bpa8qBapCxDznCkXjg0nx2d6a,my instagram account hacked ho gya hai,5,0,429.1.0.44.70,2026-05-16 20:34:38,,,429.1.0.44.70
8f59b2f5-16e6-4e6f-8462-c01731036f70,Kanxa Karki,https://play-lh.googleusercontent.com/a/ACg8ocKU0xVcNHGOqIA0ggnfbaDHvBDrfjlyR7P7v3M0cVdUAMCyog=mo,still fav🫂🍻,5,0,,2026-05-16 20:33:56,,,
820afbd9-fd46-48e2-ba77-07ee07be7ab7,Kamlesh Bhati,https://play-lh.googleusercontent.com/a/ACg8ocIDgroX1Ums3yHPHd1S5vkazODubos_4X33ziarQbqYNwc7UA=mo,good perfect social apps,5,0,429.1.0.44.70,2026-05-16 20:33:03,,,429.1.0.44.70
2d6602f0-400c-4e15-a181-13cdd2b69f90,Gaby Israel,https://play-lh.googleusercontent.com/a-/ALV-UjWm33F6ckqU1RuTc4j-LM2wDJQ7n0LHAka7n5oVDSee13C-yBWO,🎯,5,0,428.0.0.47.67,2026-05-16 20:33:02,,,428.0.0.47.67
6a05cb7c-bc8a-4d29-93eb-7287a6973cc2,Diwakar Bedardi,https://play-lh.googleusercontent.com/a/ACg8ocKirv-L1BGUNxJrjOBs5bCYMUT9kshozjYUEbtWF5pGCp1rVg=mo,nice,5,0,,2026-05-16 20:33:01,,,
9622f679-f7ac-4841-94b7-4f4f7c6f3133,pongkodi pongkodi,https://play-lh.googleusercontent.com/a/ACg8ocK9J4J-ua6I1X3s6R19eG-uH-I_TZZBWJ0IHcC0UOoLAoBYhQ=mo,சேலம் செல்லம்,5,0,,2026-05-16 20:32:36,,,
831e680c-3865-4d02-8b4f-eaddcac7d07d,Shiv Chanda,https://play-lh.googleusercontent.com/a-/ALV-UjXrD-pfMX9pbovGAaON0bqDMbP-UBk-onmGr7-q8h05UoHA-Hc,"""Dear Instagram Team, my account (Shivchanda06) has been deactivated. I believe this is a mistake as I have always followed all community guidelines and terms of service.1request you to please review my account and reactivate it as soon as possible. Thank you for your time and assistance.",5,0,429.1.0.44.70,2026-05-16 20:32:25,,,429.1.0.44.70
3b73dbf0-ed46-4838-83be-3799589aa498,Abdul Hakkeem,https://play-lh.googleusercontent.com/a-/ALV-UjWV0QOX_2mYjZiJF6uEpW6Oaf2an4H6T7xYkaNwVG0qN3z9sGY,new update is so bad to user,1,0,429.1.0.44.70,2026-05-16 20:32:20,,,429.1.0.44.70
8932429a-4013-40c9-91bf-b708285cda8b,Kunal Somani,https://play-lh.googleusercontent.com/a-/ALV-UjVxPAx3W_SepZj3xHTTCxs0qHyVTsgJcO6viA-PC7AZnTPl9e8XyQ,"Whenever i watch the reels somenof times reels showing as like burl, here with attached picture for your reference and solve this",1,0,430.0.0.0.74,2026-05-16 20:31:30,,,430.0.0.0.74
852ce391-d7eb-4edf-b1f1-fc544e247f04,Mnk ji,https://play-lh.googleusercontent.com/a/ACg8ocJPCR2ObhL0oeOXQfr4SKkHu9HwIhefWXJigMyyUsahAaKNDA=mo,This is a completely useless and bad app I have been using this app for 4 years and now I don't know what is going on in this app. My every account is getting suspended. There is no benefit of such social media app which makes someone sad. I would like that at the most this app should be deleted and uninstalled. The entire reputation of this app should be ruined so that the management of Instagram should pay attention to this that they should not suspend the IDs of such innocent people by mayank,1,0,429.1.0.44.70,2026-05-16 20:31:17,,,429.1.0.44.70
08957077-ac8e-41ae-a134-76e9a5ec0023,Mehnaj,https://play-lh.googleusercontent.com/a-/ALV-UjXdl2-3Kp_FLkdIyuuNjcRI-NXLciXg6z2d87XpruA-3vghenUA,very interesting app,5,0,,2026-05-16 20:31:09,,,
98450a4d-cdab-43f1-b67c-8d048d068d32,Suresh Chouhan,https://play-lh.googleusercontent.com/a/ACg8ocJ7ckwvUOD1KjlFtHY4OMSmrfVDoxax2jepSrFAtmqLzEp9jw=mo,this is a good social media platform but It would be better if they stopped offering exclusive content.,4,0,428.0.0.47.67,2026-05-16 20:30:50,,,428.0.0.47.67
abcdb6e2-aae5-41b9-a9ee-6b1dd8b7ca40,Subhasree Bhadra,https://play-lh.googleusercontent.com/a/ACg8ocIf_m0-tH3rediVixq9OFzp7dg-F-R27EUQSbUp8OxZIgpiwA=mo,it' is very nice,5,0,,2026-05-16 20:30:42,,,
dd5127be-1c96-4234-9a3b-3bf029038aca,Menachem Paulse,https://play-lh.googleusercontent.com/a/ACg8ocJGnw15M_AExEDXBLaeOISPwzwmRg2swT_9r6QkwFq01SDJIQ=mo,best experience ever,5,0,429.1.0.44.70,2026-05-16 20:30:38,,,429.1.0.44.70
79520e7e-721a-40cb-9b92-628727673f2d,Yash Bavaskar,https://play-lh.googleusercontent.com/a/ACg8ocJd4bY5_3Wa2_p3eNrL0eb2EmjrgPu225SaHLYRkm-9FOoRUw=mo,❤️,5,0,428.0.0.47.67,2026-05-16 20:30:24,,,428.0.0.47.67
9de540d1-c29f-4a47-b383-9b4d8a77eb3b,Dharmeswar kurmi,https://play-lh.googleusercontent.com/a/ACg8ocJP-L4aN1lmA_Lo42k30M6hBSrrfLApYWwXrXgXF2wzk9UafQ=mo,👌👌👌,5,0,427.0.0.47.73,2026-05-16 20:30:24,,,427.0.0.47.73
1c721175-c65c-4f4d-b2ac-4f07994b7488,Vikash Gurjar,https://play-lh.googleusercontent.com/a/ACg8ocKhwXKhbWaB0VqrNdKOwHVdqRB6cFlxaxYagMyczT0ETBjnpw=mo,esse ye pta chalta h ki es ki kasi soch h 🎱,5,0,429.1.0.44.70,2026-05-16 20:30:01,,,429.1.0.44.70
e41559aa-fdda-449b-bf91-157c32d872f3,Siddharajsinh Parmar,https://play-lh.googleusercontent.com/a/ACg8ocJfwrUUUauwiPOfDZ1serltObENPWgxGZPgAKWO37LqpI6lSw=mo,nice,4,0,,2026-05-16 20:29:23,,,
98d773a5-6f07-488b-8730-26dc790d0de6,Shalu Kumari,https://play-lh.googleusercontent.com/a-/ALV-UjWJkoSoZCrMt7ytBCFP0EdKsnwSWwV8CbsORUmviGoGInul_D8,good,4,0,429.1.0.44.70,2026-05-16 20:28:54,,,429.1.0.44.70
83f1995a-6317-4d32-9685-62506a980c60,Renu Devi,https://play-lh.googleusercontent.com/a/ACg8ocKpdymk4RHtzOGMof9nZKdYLoLJxZ57WA27KrgHYnpEkT8FqQ=mo,discrive att good 😊,5,0,429.1.0.44.70,2026-05-16 20:28:20,,,429.1.0.44.70
296f981f-97c6-44da-8d6a-7539a12c88ee,Shyam ji Shukla,https://play-lh.googleusercontent.com/a-/ALV-UjUXrFrTdUAzaSI1nQ3lsxt52J3BUst-o5pRiu0afKethUo9nbs,dirty app,1,0,,2026-05-16 20:28:18,,,
ca581e6a-5370-4094-820d-e2c3471ad514,Yash Nandane,https://play-lh.googleusercontent.com/a-/ALV-UjV1_GmPIxbZTzEHmfSCyJWKujbc3BNzreqC73i3LI2P7JfyKXDO,Instagram,5,0,429.1.0.44.70,2026-05-16 20:28:14,,,429.1.0.44.70
b7706e3c-6822-48d1-93db-59c5f1e594cf,KRISHNA Rathod,https://play-lh.googleusercontent.com/a/ACg8ocK0BtgKWBV9m01FYvTb2i4yOgCtM54-FhsGTXz7J-brqr608A=mo,very nice 👍,5,0,346.1.0.46.104,2026-05-16 20:27:34,,,346.1.0.46.104
37f9f1b2-3832-42bb-aa15-cdb718fbecca,Vishnu Kumar,https://play-lh.googleusercontent.com/a/ACg8ocJ0rdUB6UVJKtNhPS27H-i5dlE_uXQKMfmi2nuFYR-fvYcc7Q=mo,👍,5,0,,2026-05-16 20:26:40,,,
ea3fddc2-8890-4617-94c5-76bd4455abc1,Harapriya Naik,https://play-lh.googleusercontent.com/a-/ALV-UjWFhp_3klMqq4H6XcCyvIAs2APRV9KRsd4a3PQynyMU4re7Urw,ହରପ୍ରିୟ ନାଇକ ଦେଉ ଳ ପର୍ତ,5,0,426.0.0.37.68,2026-05-16 20:26:28,,,426.0.0.37.68
9d9d6e8b-020c-446e-a1bf-41cc6e31040f,Gulshan Kumar,https://play-lh.googleusercontent.com/a/ACg8ocLAk2zqeyTxgWVPetv3q90q4uUBb7104GWU3QZGiI0DlBtvkA=mo,🌹🎊,5,0,412.0.0.35.87,2026-05-16 20:26:18,,,412.0.0.35.87
5a1816e8-e3b5-447a-b75e-167956fe4155,Hayat Khan,https://play-lh.googleusercontent.com/a/ACg8ocKCBLnUMppmHU54VaIcuEkE8VF4NqxqbgpkwwkEHobqhvJF7co=mo,good,5,0,429.1.0.44.70,2026-05-16 20:26:04,,,429.1.0.44.70
f77715fd-b24a-406d-951b-1aa172d0a268,Mahender Sarankhas,https://play-lh.googleusercontent.com/a/ACg8ocKQUnLieQyKubinbLfy8ClEApslKAfMD3lj5p6pSFE31yEniQ=mo,bahut badhiya,5,0,,2026-05-16 20:25:23,,,
1e93a269-beee-47aa-8d3d-18bf1b565e38,Mohammad Raseri,https://play-lh.googleusercontent.com/a-/ALV-UjXv6wufZ8QbH4xLJWbU6vYEZShUx08ZzUDtXVVK8g06EaQIJglU,good,5,0,,2026-05-16 20:25:19,,,
b172d082-5dae-419a-a559-73814bf16db3,Palwinder Singh,https://play-lh.googleusercontent.com/a-/ALV-UjXwYOqO_ZybjIypZ-5iAwYHBXJArTKDN91QZFCYX3Yb7TAV-guN,good good very very good,5,0,429.1.0.44.70,2026-05-16 20:24:40,,,429.1.0.44.70
08a242d8-a616-4dd2-aa04-727869ca1614,Debolina Das,https://play-lh.googleusercontent.com/a/ACg8ocK5UX0qrPphiaoRDDZJioo7AR5gs1u1-lng6I-hspechkMwokI=mo,my language preference is english still caption translate into bengali,3,0,425.0.0.47.61,2026-05-16 20:24:28,,,425.0.0.47.61
33c8e90a-004c-4a5c-aaf2-9fd19b7f9fd1,Sunil Kumar,https://play-lh.googleusercontent.com/a-/ALV-UjXGKaAyXjZMKnNHSyxo2a8DrgRYtl2gy2K6FYPGWKQaX9fcDKnd,super,5,0,429.1.0.44.70,2026-05-16 20:24:26,,,429.1.0.44.70
9e01bb6d-9406-44a4-b728-4cf975e5aaaa,Ziaul Haque,https://play-lh.googleusercontent.com/a/ACg8ocI4wrNWpRkKW51DPx-bcL5i3aY7plwDWWhvZGSnauCK8fNzNA=mo,"Instagram is useless, it's suspending everyone's account unnecessarily. My 7-year-old account was suspended, and all the accounts I created have also been suspended. If Instagram can suspend its own downloader's account, then it's not right to trust Instagram. Or if the Instagram teams members don't unsuspend my account, then Instagram is not worthy of keeping privacy safe. my request to instagram team members unsuspended my account, (@insta_ziaul)",1,0,,2026-05-16 20:24:25,,,
4e44d1c3-963f-4f6f-b06e-5114a9161f99,Sonu Nimal,https://play-lh.googleusercontent.com/a/ACg8ocJivrRsx35ZWiCiMek62WSrOxcK3AIr4QpHEPezCxjnXTBD3A=mo,not working properly,1,0,,2026-05-16 20:24:01,,,
26790627-d299-454c-9f34-dfb8ed264b57,Harshi Pandya,https://play-lh.googleusercontent.com/a-/ALV-UjXpMnrAlX06WG9RVEAdHzOBC58LYLCaxB6JccdKCr2d86GDEDaL,just love the app!!!,5,0,429.1.0.44.70,2026-05-16 20:23:51,,,429.1.0.44.70
3236d979-9189-4c82-b509-f4c64c9538c8,ratheesh rv,https://play-lh.googleusercontent.com/a/ACg8ocIMi39j5qzFZK0T_6Y7qjrVyjPQJlThEgqJycC3nIXQIXoFag=mo,super app,5,0,429.1.0.44.70,2026-05-16 20:22:30,,,429.1.0.44.70
d53dddf7-b4ec-402b-b629-6ff2617dfb39,Chirag Koli,https://play-lh.googleusercontent.com/a/ACg8ocJJkEekm7tEc0_9Zl1DSK5wODWAVRf1qU1mk-VOCw1n7upLxA=mo,Best app,5,0,,2026-05-16 20:21:54,,,
20ffd3c5-3816-413e-a307-0a62d7325e9f,Naitik Kelaiya,https://play-lh.googleusercontent.com/a-/ALV-UjXtbNVxcOPxona2amBiEaVJ-007V1xa3bTs2VNXeTiraaM1GyYx,best 👌,5,0,429.1.0.44.70,2026-05-16 20:21:32,,,429.1.0.44.70
99d2a19c-02b4-4a8b-b175-b5e3dd3eae49,Saurabh Patel,https://play-lh.googleusercontent.com/a-/ALV-UjXTWjPMrz1c5osYbYl7D2g3b89SZCm1oQhQjFZoBOmpmuFO-p4,nice app,1,0,421.0.0.51.66,2026-05-16 20:21:08,,,421.0.0.51.66
e0593f33-d406-4632-8e59-f094a539677f,Sk sabir Ali A,https://play-lh.googleusercontent.com/a-/ALV-UjVy1CfISu1FLbmXUFKafk1fiOPT0xj2Y_ND0DDWpQVp4EsR2TFq,my account has been suspended why instgram 😭😡,1,0,428.0.0.47.67,2026-05-16 20:20:33,,,428.0.0.47.67
b59e6c50-fbcd-494c-bedc-9250e60dd8c5,Justin Walker,https://play-lh.googleusercontent.com/a/ACg8ocJ5SCKohxLQOKJL5umYYxuA-b34x3Hc2DUzxHNxMMhcVAVRTA=mo,good experience,4,0,429.1.0.44.70,2026-05-16 20:20:14,,,429.1.0.44.70
e60ba81c-7cba-4fa2-9653-227b6a547b6e,Binya josasm,https://play-lh.googleusercontent.com/a/ACg8ocJsfUDOJ76bc5kOsyWwBvEgsjEQr58JCFb8ono2u8yMIGFWoQ=mo,"​My account was deactivated for unknown reasons. I submitted an appeal and was told to wait until May 5th for a response. It is now May 16th, and I still have received no information or updates regarding my account status. Please address this delay and restore my access.",2,0,429.1.0.44.70,2026-05-16 20:20:01,,,429.1.0.44.70
ab2b49a6-675d-4ae1-ab1c-38549d9dcff3,Nilesh Haldar,https://play-lh.googleusercontent.com/a/ACg8ocJ6Yp60EMV0PgIKsf0vsSctm8dFCroWrUNOArVsP8KfePuPKA=mo,matlab alaghi level ka app hai,5,0,429.1.0.44.70,2026-05-16 20:20:01,,,429.1.0.44.70
7e893140-354a-4ea7-9aa5-5f63de82a6dc,Sunita Patil,https://play-lh.googleusercontent.com/a/ACg8ocIR5tPW33Cfx4SqCUVuyDG1WS9zkguBdx69k4j5DdeDLEoZ9A=mo,🤌🏻,5,0,429.1.0.44.70,2026-05-16 20:19:59,,,429.1.0.44.70
506424f0-2e0c-44a5-9557-9f931bded940,Gaming Reality,https://play-lh.googleusercontent.com/a-/ALV-UjV7xW-_cvuE7DCQiVGZbS74FspuYeixE7lhuEywDss8Xtsl6LU,op,5,0,,2026-05-16 20:19:22,,,
5ff857ad-4dcd-44e3-9ecc-c774986e216b,Shifa,https://play-lh.googleusercontent.com/a/ACg8ocIKGDkNSpbKZgvE3voxwFZmfd6wKnMzoDVN5dyIdV3s_muUPw=mo,very nice,3,0,417.0.0.54.77,2026-05-16 20:19:12,,,417.0.0.54.77
086a3b63-f4f0-4df6-aa57-7f00fc747ca6,Harshu salvi Harshu,https://play-lh.googleusercontent.com/a-/ALV-UjV4jcuQh6eg99jT6-QjlKcei325j6kST9fR7s3j3sotHjtTMZz3,nice 👍,5,0,429.1.0.44.70,2026-05-16 20:18:59,,,429.1.0.44.70
dd159d7e-4554-49b2-8078-64d0c46ec36f,Ankit Chauhan,https://play-lh.googleusercontent.com/a/ACg8ocJiyKVFB1u3Ajf8_R9sT2jYVDuArnxISJ4-u4jC4FGCRy9zyA=mo,Mera Instagram suspend ho chuka hai,1,0,,2026-05-16 20:18:07,,,
37a9f2f6-7e5e-40b8-9037-8e6e8c9bc128,John Topher,https://play-lh.googleusercontent.com/a/ACg8ocKBy1pQpbKZqoESH6Lci2aHYGQpUv2XIvWmuxMJ846eir0k3A=mo,meta suspend my acc for no reason bruh i hate ittt,1,0,,2026-05-16 20:18:04,,,
bed62430-a135-41b8-9480-87683c173edb,KP AYUSH,https://play-lh.googleusercontent.com/a/ACg8ocLYR_fcsMZLNmMfDZushE8A0ccNsyEOTCLjqLqviVfA7oSFJw=mo,nice👍🏻💗,5,0,,2026-05-16 20:17:41,,,
024b791d-4418-43e9-81a8-d15c11be6400,kcito 1,https://play-lh.googleusercontent.com/a-/ALV-UjVhV1mBIdpFV4wZ-HPUISdpWUBo0_O-tl7y4A7n1NjOoSXrB-c,"I love you, Instagram, so much! You're a truly amazing app!",5,0,,2026-05-16 20:17:28,,,
acff9ceb-1d90-4f41-90c2-a3f22437eb25,sangeetha Sangeetha,https://play-lh.googleusercontent.com/a/ACg8ocLT-XFGFqswWh8b9ExzpT6mrgdvwCHhXJcXbesb9b9vmTdxEpQ=mo,i have use this app in 5 years but this app is iam created new account but my devices to insta account forgot password to say but I click forgot password but insta response to me something went not open my account my email login account example ipad this so very unfair and this is worst 😡👎 response to me,1,0,429.1.0.44.70,2026-05-16 20:17:12,,,429.1.0.44.70
0492fd16-9e0c-4ab4-92af-1af5ef3b7b06,Emília Nyári,https://play-lh.googleusercontent.com/a/ACg8ocKqoG7TM6WEVFxDQL8echMrwNWpjghf318WaFQtTAO6D9skLQ=mo,horrible nowadays nothing is working messages are disappearing and i gotta delete the whole app and download it back again just to see older messages,2,0,429.1.0.44.70,2026-05-16 20:17:07,,,429.1.0.44.70
eaa1f95e-f22b-4bd8-b000-f96847e6a7d6,Murtuza Shaikh,https://play-lh.googleusercontent.com/a/ACg8ocJpz2QFNdyHgY2_AgL5SE5iKNep7kFV2g3MCNbXNlfUkgoNAA=mo,good,4,0,,2026-05-16 20:17:02,,,
4a0ac9db-9585-49a5-ae88-3cda5bd3f14d,Bia,https://play-lh.googleusercontent.com/a-/ALV-UjUs6NE7E-1lsp7d254e4OEiHvvjlMc6fvefOAaxVL-akYEL9Ds,It has it's troubles at times but overall great🫰🏾,4,0,429.1.0.44.70,2026-05-16 20:16:35,,,429.1.0.44.70
64d32b73-bf0a-4d99-8bd2-6cad840c0911,Nadia Shakil,https://play-lh.googleusercontent.com/a-/ALV-UjXWX-K_jfQkoyV5DSI09pxSftVHc4V27GKVj-5LSPYD3G8MJ6eXYw,It's not working well.,2,0,399.0.0.51.85,2026-05-16 20:16:31,,,399.0.0.51.85
c974d678-58fe-406b-b60b-f01766720fac,Ritun Behera,https://play-lh.googleusercontent.com/a-/ALV-UjUD552_XwIDVOHqv387ld_9FFB7bE0CebH-8wJzLTLZgOiQ3ybh,"bad app, bcz she did not use .",1,0,411.0.0.23.257,2026-05-16 20:16:21,,,411.0.0.23.257
3a9ef8d0-8203-489e-850a-3e61ff457310,Hulkz,https://play-lh.googleusercontent.com/a/ACg8ocI_BKJ5a0fCAi3td8KR2-euGb9po-TGJ8nrrS_L2p6AaWlbZw=mo,"Subject: Wrongful Account Suspension and Device Login Issue Hello Instagram Support Team, I am facing a serious issue with Instagram for several days. My accounts are getting suspended or restricted even when I am not violating any community guidelines. I have already tried: reinstalling the app, clearing cache and data, changing networks, using different accounts, waiting for many days without activity, and troubleshooting my device completely. Despite this, new accounts are also getting ban",1,0,,2026-05-16 20:16:21,,,
45ac52ee-dea8-4090-a6fd-473ade566437,Felix Kupa,https://play-lh.googleusercontent.com/a/ACg8ocJo_FJgHK-DAV18Zq-sA-7C0QBFCuh_8HOV2tCvN3s04OYcSA=mo,very good app,5,0,,2026-05-16 20:15:39,,,
209dd300-ad30-4a89-93a4-292b32fccb24,Samir Basfor,https://play-lh.googleusercontent.com/a-/ALV-UjXuyPkt-9b4tACfVNONSocwr6KVXV6a3JXdjVHS_ARcODxCFbs,good,5,0,,2026-05-16 20:15:38,,,
12c785d7-9595-4a6c-9b98-a5398f9ae9c4,Ishwar Lalge,https://play-lh.googleusercontent.com/a-/ALV-UjXnNhJsbUOdkXOfpUqGcLO8VP5J3aLfzIL8x1cei45JnXCuIVrs,🥰🥰🥰🥰waw,5,0,,2026-05-16 20:15:33,,,
d5ffe506-7882-46e2-a86f-a11e644cc7a2,Vadana Dharoliya,https://play-lh.googleusercontent.com/a-/ALV-UjVsKIiOFqzkW4ZeCPSW00EW-DKKhye3qW00-woWQssyKjj7Q30,😀😈,5,0,429.1.0.44.70,2026-05-16 20:14:57,,,429.1.0.44.70
1e59bc11-c7f5-4113-93ef-79893701bab9,Thirumalaivasan V,https://play-lh.googleusercontent.com/a-/ALV-UjUdC8FzLc8F2rBapJ-olZ-1_KWUthJK61IA1WGM88-q1_DAGYs,it's very useful.,4,0,,2026-05-16 20:14:51,,,
4a71e071-9cfa-4e2e-aa4b-70b255261a50,Jegfred Alfeche,https://play-lh.googleusercontent.com/a/ACg8ocKAkAXHfjQgMUDi0jhX0r2vyAGV5RaKLCV3eJwd-y4dfeNFBg=mo,your ig is trashh,1,0,,2026-05-16 20:14:21,,,
2b07c518-5ff3-4385-b7f1-5bad5a131bc0,IlyaAI Chintu,https://play-lh.googleusercontent.com/a/ACg8ocLX6kcK8kRG7UmlItppi0khJllBE-zWe8A_siDvoXV2BSdHBg=mo,i really enjoy the app it allows me to connect with people,5,0,428.0.0.47.67,2026-05-16 20:14:04,,,428.0.0.47.67
0659d90f-85ec-4634-8311-164bae77ed0e,Marive Rajpoot,https://play-lh.googleusercontent.com/a/ACg8ocKw4tUvTBpkSBO1a37blQLYhjONBX7KTlg6upwKaTuJyJwx4Hk=mo,Very nice,5,0,,2026-05-16 20:13:59,,,
9afcf128-68c3-4af3-8774-5795684d3692,Chaku Parmar,https://play-lh.googleusercontent.com/a/ACg8ocKQhJwCg5p-4Y-pnxzh_wK1APasivOqX76SvMa33HpqY5ESgA=mo,mare video million people tak pahuchane par madad karo,5,0,428.0.0.47.67,2026-05-16 20:13:50,,,428.0.0.47.67
16633d80-b235-4eaa-b9c9-47c345d625be,Nate “Eternaldumy5” Kamondi,https://play-lh.googleusercontent.com/a-/ALV-UjVCgBV8C4miKIiduLoVy-KPoBrWP2HKXYXLVIiMGQ6hgdFNbrHh,It's a good app if you're board and need some dopamine,4,0,,2026-05-16 20:13:47,,,
3ed2fbdd-41d0-44ba-bb7c-5ad544ab52d8,Gulshan Tulli,https://play-lh.googleusercontent.com/a/ACg8ocLWDux_ZcbSDyw1Cr_qjdrTshlbOmELkBSO1JqA6snnWVekTg=mo,It is totally beautiful,5,0,426.0.0.37.68,2026-05-16 20:13:29,,,426.0.0.37.68
5d3ee621-56e9-42d3-9f46-57fb8abed617,Harshit Saini,https://play-lh.googleusercontent.com/a/ACg8ocJv4HMz8r4fJGYw5bWzGexZoth1XhoD48rCKJVIPXnhmy_XDA=mo,best app,5,0,,2026-05-16 20:13:23,,,
a1632f7b-f150-4bc1-b204-cb57601a8df1,Raju Bhai,https://play-lh.googleusercontent.com/a/ACg8ocLxXSXZZe392d2IsygY8yXzFBD_0__NcrxXates77pxiroGag=mo,my account this is rik ar please,5,0,429.1.0.44.70,2026-05-16 20:12:55,,,429.1.0.44.70
fe920933-f9cb-4f22-b9bc-2124fcfd880b,Veer Singh,https://play-lh.googleusercontent.com/a/ACg8ocKQI8MQDwqYuIRNJgyp2FDahfUUeRy--SNjqLus6ATr0-gMhg=mo,Very useless,1,0,,2026-05-16 20:12:30,,,
e96f4338-9faf-49e7-af9c-e42ccf046682,KISHOR (MIRI),https://play-lh.googleusercontent.com/a/ACg8ocIv2gFst_vNJbk2XEJQ8fgHLgP9BWDNjtiWKHj6VssP-Qj_ABI=mo,👍,5,0,417.0.0.54.77,2026-05-16 20:12:07,,,417.0.0.54.77
1c15f03f-f6f1-4883-9e6c-eb663b6f0da4,Hameed Khan,https://play-lh.googleusercontent.com/a/ACg8ocJYaGbN2aWvA_nDt0iskMERtwMagTc15AXxZYCBZuX9N2px_w=mo,best app ever,5,0,,2026-05-16 20:12:05,,,
ccbd8bfb-74e6-47ca-86b4-d3f5abab8c11,Hari Bala,https://play-lh.googleusercontent.com/a/ACg8ocKqpXj5w4GcBajLyq11JnTsweUHQ-vUzeJ7kyQZsHv4dmeJIw=mo,Super app this is helpfull,5,0,425.0.0.47.61,2026-05-16 20:11:38,,,425.0.0.47.61
2c23a521-deec-4e86-a39e-9f75db3c6d38,Ujjwal Acharyya,https://play-lh.googleusercontent.com/a/ACg8ocIWp_aeSJyChrXBrJXpMLS-0GGROLqursRAL1WDmxn_eQBgNg=mo,"Instagram Not very good. My account has been suspended for no reason and whenever I open an account, those accounts are being suspended again and again. So please, don't download Instagram.",1,0,400.0.0.49.68,2026-05-16 20:11:28,,,400.0.0.49.68
69a68394-3f46-4b5e-b04c-1da012f5cb25,Lerato Moloi,https://play-lh.googleusercontent.com/a/ACg8ocItf8C94jE9X6CxKapur-rbt0ne-uh4EDBGO1bp-o6My4lH6A=mo,Everything runs smoothly all the time when using this app,5,0,429.1.0.44.70,2026-05-16 20:09:49,,,429.1.0.44.70
5ae9f259-1240-4bc2-b6a4-c05a3438956d,Clarice,https://play-lh.googleusercontent.com/a-/ALV-UjVMeEk3_Y54hXAMoBwUru4lq4gydssDRXyig74tDubz7WroKN8,i cant send picssss,3,0,,2026-05-16 20:09:41,,,
4e43e1b9-3e08-4ac5-be9c-a76c9e7b3660,Malik Faheem,https://play-lh.googleusercontent.com/a-/ALV-UjU_nX6b3tm3ext36Axgyum5BdZ_X-idVJDtuMV-5IE1DIdscwZV,waste of time yes wastage,5,0,,2026-05-16 20:09:02,,,
c3ee5059-af8a-445c-bc66-352c1c853069,Parmod Kumar,https://play-lh.googleusercontent.com/a/ACg8ocKK2CQSaBEovVJbGzgVuqt4lOLy31CW_jW-lGuZBnTodQLFTg=mo,my favourite app,5,0,,2026-05-16 20:08:42,,,
f10c8c74-153d-489e-a1f7-6e23949b7b5d,Umesh Sarma,https://play-lh.googleusercontent.com/a/ACg8ocLfw2oSHJR4V_nd3CqjsQ6EqEn--MyQ6eDXNudfX9mWocon8Q=mo,my many accounts are suspended 😔,1,0,,2026-05-16 20:08:26,,,
d778ba2d-33d1-4032-b2a0-19d5f82c05c1,Tigest Kifele,https://play-lh.googleusercontent.com/a/ACg8ocJHbows1x5K5-sgy6Eq28y3n4eo49Rpnhobgc6K0HLZI0mGtQ=mo,nice.have no words,5,0,,2026-05-16 20:08:26,,,
da7f79a3-a4e7-42ba-8cc3-217dd934c665,Dio Sangma,https://play-lh.googleusercontent.com/a-/ALV-UjXCqBUQorzFw4NGJsGjnom6kV18EYyyu6vbUWAYXNTgVxcMRewN,"I have been locked out from my own account and it doesn't let me in no matter how I try. I tried resetting my password, reinstalled the app quite a few times, it doesn't even accept the updated password nor the verification code. I can log in from the website but the app doesn't let me, been waiting for more than 24 hours now but it still doesn't work. FYI, I even deleted the folders from the internal storage. Very frustrated!",1,0,429.1.0.44.70,2026-05-16 20:08:15,,,429.1.0.44.70
610f3e11-cbc8-43c5-9de2-a94fa70af1e9,꧁ֆɪʟᴇɴᴛܔᏴᴏʏ꧂,https://play-lh.googleusercontent.com/a-/ALV-UjXsdOMKzRyUNOfBiKqeJ_RVlk0Q51EThcOEFyq0eFrEF7igwWWh,Good,4,1,429.1.0.44.70,2026-05-16 20:08:06,,,429.1.0.44.70
a69f71f2-296e-43eb-aa80-c692989db06c,Farhat Hanif,https://play-lh.googleusercontent.com/a/ACg8ocJJd2DdPCsRFkyZ4o7Ki1Wpb1Rc9KT-MO1f1gYW-KLHWYE62g=mo,good app,5,0,,2026-05-16 20:08:04,,,
dfb19110-4df9-4bed-b850-72c5e36f2214,rahul kumar,https://play-lh.googleusercontent.com/a/ACg8ocK4SL93m0pDshhVdIl9mNPGzV7N8P_wweRJrHTJQFEzVsRz0w=mo,something went wrong,3,0,305.0.0.34.110,2026-05-16 20:08:03,,,305.0.0.34.110
60564acf-32c4-454b-b56d-b24f7336339c,antash Ak47,https://play-lh.googleusercontent.com/a/ACg8ocL-JiPwTPsHfTVVaqzq3sQGEwr9bCzM1Oh9ijTilQ7cyxUtGQ=mo,"I was using Instagram normally with no issues, and suddenly I couldn’t log into two of my accounts. One got disabled without a clear reason, and both accounts had their passwords changed unexpectedly. The appeal process is slow and gives no updates, and the login/recovery system is buggy, it sometimes logs into the wrong account or shows errors. For such a large platform, the lack of proper support and reliable account recovery is extremely frustrating.""",1,2,,2026-05-16 20:07:58,,,
844f3a49-bccb-4f8a-9ce3-db0191be8b4a,Ashok Kumar,https://play-lh.googleusercontent.com/a/ACg8ocJlhbee4nQEvwOhpTzCGhGURM5Gd4dnZZueflV-r_9-6UUPEw=mo,good,5,0,427.0.0.47.73,2026-05-16 20:07:18,,,427.0.0.47.73
1c32a778-059e-4a11-88a5-2a3deddec923,Lakshu Rawat,https://play-lh.googleusercontent.com/a/ACg8ocLrnkOIwEtQbhdVAAoIQCxpIS2lZJ_NZSUwuGoNIK8dPiHXgw=mo,"There’s no point in posting content on Instagram anymore. They ended my 6 months of hard work in one moment by disabling my Instagram account 😭😭.. Don’t download it, otherwise you’ll regret it for life 🥺😫 I’ve submitted so many appeals, but nothing is happening.. They suspended my 2 main accounts even though I didn’t do anything wrong 🥹🥺",1,0,427.0.0.47.73,2026-05-16 20:07:09,,,427.0.0.47.73
17b7adb2-44b5-4b20-b1a0-434eed017d66,Pooja Ch,https://play-lh.googleusercontent.com/a/ACg8ocKPb2N5C0EJlCMsADSKP4v7k_6o9vsbUCUpU4QU_vdsd545Jg=mo,good,5,0,426.0.0.37.68,2026-05-16 20:07:03,,,426.0.0.37.68
70e1a355-d6f0-4da0-bb18-cbc14772f460,Riya Singh,https://play-lh.googleusercontent.com/a-/ALV-UjUgYbn-CNvsrF8wZA3dA-99vFgn85fHfYIiaYos_wK4zSRpWdgV,nice,5,1,429.1.0.44.70,2026-05-16 20:06:24,,,429.1.0.44.70
d407028c-1b33-4a8e-b331-fe53fd93d8ac,Purval Jangale,https://play-lh.googleusercontent.com/a-/ALV-UjXv1C4TOhn_NE8L16X4cJaU33HDi8DzwGt2U5t7Q_nfmFJIBKAx,suspended my old id i hate instagram,1,0,,2026-05-16 20:05:34,,,
17ba2c5b-355f-4d81-b5cd-0d1580c98189,karan blogr,https://play-lh.googleusercontent.com/a-/ALV-UjUbxs5t0aBFy99ZraJuBYmyHs561Y7deaqlnbsCN1Ih9NdMAwA,remove instinct option new update,1,0,,2026-05-16 20:05:12,,,
cc53049c-d677-4127-bd23-a0225ad147e2,JARVIS 2.0,https://play-lh.googleusercontent.com/a/ACg8ocJCgTl1BNSxA-7A2pJPqQ2GqwAM09Q2QYwqr8QcBHYr3trNrw=mo,niceeee,5,0,414.0.0.40.83,2026-05-16 20:05:06,,,414.0.0.40.83
f2c3d191-ef2d-42b1-a360-fe6bc98da03a,Sonu Kaloudi,https://play-lh.googleusercontent.com/a/ACg8ocKGA-w-a6I1KGWDdvHrMQegtSgF1xFX21dT9gJmy_D0CvkwOw=mo,sonukaloudi,2,0,429.1.0.44.70,2026-05-16 20:04:46,,,429.1.0.44.70
9d6563c5-0550-4777-b51e-2bae63d01059,Arman King,https://play-lh.googleusercontent.com/a-/ALV-UjUb2A6WzKq0CSrdaDGLVrLa_cNloYJWuEykkYPeHWUsb4-HIH35,niklo instagram walo sab ki is ban kar ne me tum sab ko mja a rha ho ga dallo,5,0,375.0.0.38.66,2026-05-16 20:04:03,,,375.0.0.38.66
5cea6fa3-ce6c-4074-813f-f58a2276b580,Muthu Lakshmi,https://play-lh.googleusercontent.com/a/ACg8ocJOgDMPwl-9TRJ-IfeUA1QFIOMA0lIVtSeqgOU0PJNJFBgVGQ=mo,free time timepass,5,0,428.0.0.47.67,2026-05-16 20:03:53,,,428.0.0.47.67
267a0e72-f492-45d0-807f-20a37c2c0f19,Pia,https://play-lh.googleusercontent.com/a-/ALV-UjXgWmuJDp2vGOzuAIUwTr_4QneW_6HjMQHd4qTjBUHVy9eJ84OE,why I can't access my Instagram without any reason so irritating,1,0,429.1.0.44.70,2026-05-16 20:03:45,,,429.1.0.44.70
50176811-0864-4796-b421-0cf62d81dc4d,Sofi Asrar,https://play-lh.googleusercontent.com/a/ACg8ocJtFB7HjnAtl83btAj-lNxPKFmjGnjb1KriJ2rbtsnd4PFqqA=mo,best,1,0,425.0.0.47.61,2026-05-16 20:03:08,,,425.0.0.47.61
221ecce5-d82f-4ec3-a562-672449579313,Abishek A S,https://play-lh.googleusercontent.com/a/ACg8ocLHi0P6VYJR1Vnnxkw7Xd77pcKAFNMYa1u1YyVt_payvnWV9g=mo,it is nice app,5,0,,2026-05-16 20:02:57,,,
d510ece0-c0b6-4953-852d-34ac7223e634,Akshaya Jummidi,https://play-lh.googleusercontent.com/a/ACg8ocIQs2b9tm8g_LDpOfKirtzSBzIzX8kWMkYZxMg0ujxy2JQsiQ=mo,very very bad,1,0,,2026-05-16 20:02:12,,,
3d49e3a7-ad1f-4f17-9a56-790cd55e829b,REGILA PAUL,https://play-lh.googleusercontent.com/a/ACg8ocJtlSUNELXLFesUbvONMJpTB6MfbiInDUoUtCFrKt-YHrgzQw=mo,good,5,0,343.0.0.33.101,2026-05-16 20:02:09,,,343.0.0.33.101
01af5522-ef51-43d2-8c99-5f3d90422719,Raktim Mondal,https://play-lh.googleusercontent.com/a/ACg8ocJp_AFxhrsjYfhIrv5ryy5rMlBYGItrdzpggn7RSjTxgO6o0g=mo,This app not open,5,0,,2026-05-16 20:01:53,,,
e420f164-e186-46e4-8285-b170658a828b,Suman Kumar,https://play-lh.googleusercontent.com/a/ACg8ocJRYuhHlnvSjNFEYf4S45biqAVMGAMzibNQ7WB6Dt2KMoC2hw=mo,jindgi barbad app,1,0,,2026-05-16 20:01:45,,,
a863e4c0-ee79-4fef-b106-8413c51b1727,Kailash Rao,https://play-lh.googleusercontent.com/a/ACg8ocLvxbltY5XUjn4ofoOf0ExR3IuqsuXv1T_ogaP59xFzgcwomQ=mo,updated karne ke baad bhi call nahi ho raha baar baar update mang raha,1,0,,2026-05-16 20:01:11,,,
4202798c-6284-4ac4-86ec-859715da1008,Adesh Palve,https://play-lh.googleusercontent.com/a-/ALV-UjWk5Fpdt9--VOUHwSOuSCueVPA5O0M58HBDS5Qj1YJ86OPfswNJ,add a Snapchat filter and filter name is vivid Azar snap filter,1,0,429.1.0.44.70,2026-05-16 20:00:32,,,429.1.0.44.70
6bea2e65-c3d3-4f1d-b91c-84638a729316,Aachint Mahto,https://play-lh.googleusercontent.com/a-/ALV-UjW-jIInLLL5Gb4zZQiWvAlV9b-lgVGAgPQufxgxFIPBBxm9W1i2,best aapp,5,0,427.0.0.47.73,2026-05-16 20:00:18,,,427.0.0.47.73
0c1d1603-2728-45f4-bb45-2c19505b6656,Pradeep,https://play-lh.googleusercontent.com/a/ACg8ocJEYQ5xwULesWOG8zQiNnTI0F3EssB-6Y9NE8Hk4XSBtomhXg=mo,it's good,5,0,428.0.0.47.67,2026-05-16 20:00:06,,,428.0.0.47.67
04f00e68-05f7-4899-99d0-f853ec5c184c,Boogy Man,https://play-lh.googleusercontent.com/a/ACg8ocLvP0p64kSJ_PgjF2Tl-0Qi9fJlOKoqwnxhu-OaMKEMwaWy2A=mo,it was delightful,4,0,,2026-05-16 19:59:59,,,
8a62da22-1e31-413c-87cd-fcdcaa302176,Arbaj Ansari,https://play-lh.googleusercontent.com/a-/ALV-UjVgpPpxRy8_1PtOdPfkhVxslRnOXhipFnaMn0OpKosGFL441TMu,isse accha platform aaj tak nahi aaya or ye godi Media se kai gunaah behtar h 🤭,5,0,429.1.0.44.70,2026-05-16 19:59:09,,,429.1.0.44.70
d677ad99-d4bf-4028-8c80-ab9c99366180,Gajanand Vishwkarma,https://play-lh.googleusercontent.com/a/ACg8ocKn6LjwRQei4gzJbRc4pWfwfKQgcHkyLt6oAsam4BKIwCXrlA=mo,amazing 😍 experience,5,0,429.1.0.44.70,2026-05-16 19:58:59,,,429.1.0.44.70
48121c92-e8f5-4142-b4fc-ce727e2a26a6,Mehbob Khan,https://play-lh.googleusercontent.com/a-/ALV-UjXvyndB9w4QPCPlz0Z4ua0-2p1kskLkJfzd28dBzawjNQudadHS,❤️❤️❤️❤️ good,5,0,428.0.0.47.67,2026-05-16 19:58:32,,,428.0.0.47.67
856ec91c-ee0a-4c9f-815a-75f9f971d417,kARTICK GHOSH,https://play-lh.googleusercontent.com/a-/ALV-UjU3eOQo4uhrf5KTIUtnRBqwaT3nTsVR4HSpMu60qUL6L29DZvfg4w,nice app,5,0,428.0.0.47.67,2026-05-16 19:58:03,,,428.0.0.47.67
5d53b21e-bda5-4cce-b3b3-41e4c9d33716,SAMIKSHA DESAI,https://play-lh.googleusercontent.com/a/ACg8ocJzlcBVH9T02vuppWcfKSMCPy-EF6ABAenlL8oS-kLacSmnGQ=mo,Nice App,5,0,429.1.0.44.70,2026-05-16 19:57:15,,,429.1.0.44.70
b5e2eb34-49a2-4867-9e9b-dc5d2086be70,Selva Kumari,https://play-lh.googleusercontent.com/a-/ALV-UjXgTVe9rGpRSx_OOpkvGWjjDOcIUlzwOAgmKezhhhx5DK-BYi19,"my repost ""drop an emoji"" isn't working well its hanging.. very 👎🏻",1,0,361.0.0.46.88,2026-05-16 19:57:14,,,361.0.0.46.88
f584f09f-4275-428c-83c3-3c5d801af6ab,Kunika Hadala,https://play-lh.googleusercontent.com/a/ACg8ocLeZQ9AxXQ3M9-Kte1I4j03BCClzHsYX09g21H7ZVEd3KY1tg=mo,I love instagram 💘,5,0,429.1.0.44.70,2026-05-16 19:56:35,,,429.1.0.44.70
bb7a5abd-d2a0-460a-b514-ba1b82dee0ea,Mishu Chaudhary,https://play-lh.googleusercontent.com/a/ACg8ocKe-Kqe6G3wAk4CjGNcnhpwYjc8JwNjckLMmCbaM2yIlt2NfC4=mo,I am not able to see this application on my phone. Nor am I able to uninstall the application. I mean what kind of joke is this.,1,0,312.1.0.34.111,2026-05-16 19:56:06,,,312.1.0.34.111
5d8c96b0-9fbc-4808-a10e-b96d6f0aff67,Vivek Jatav,https://play-lh.googleusercontent.com/a/ACg8ocJvSFOL_eECvJcAQNgFWauDPV-_69sEk-S2RQhAWw0LS3xTRfY=mo,"Dear Instagram Team, my account (yourusername) has been deactivated. I believe this is a mistake as I have always followed all community guidelines and terms of service. I request you to please review my account and reactivate it as soon as possible. Thank you for your time and assistance.""",4,0,428.0.0.47.67,2026-05-16 19:56:03,,,428.0.0.47.67
191786ce-7efa-4fd6-b503-a3cf23abe098,Aashish Vaishnav,https://play-lh.googleusercontent.com/a/ACg8ocKt4p3K3_Vc4KHVDItp5_gPhgI8av7U0XIqSmjVRC7o_wCJQQ=mo,"Hi Instagram, I want my ID back please..🥺Instagram help me, you did not do well, you suspended my ID, I was using my ID for 4 years, still you suspended my ID Please give me my ID back.. give me my ID on Instagram. My ID is aashish_vaishnav..🥺😭",5,0,429.1.0.44.70,2026-05-16 19:55:54,,,429.1.0.44.70
f4af700e-c8b8-42b0-ba56-a1d8ee02f323,Palak Gupta,https://play-lh.googleusercontent.com/a/ACg8ocJbmahqIqq5QRiKwvbT_VXyUVKXKQ52KEOsoT5dPFYMoCP_UA=mo,good 👍,4,0,429.1.0.44.70,2026-05-16 19:54:33,,,429.1.0.44.70
2ab074e9-d8c5-4cf6-ae72-ceb6d407f030,Alishba Ansari,https://play-lh.googleusercontent.com/a/ACg8ocL8dS7T-4Kyqw1pykcYXzQrzzAc0zZfsU2WTzi8SLVmzWRiLA=mo,very bad,5,0,,2026-05-16 19:54:25,,,
44204755-5dc2-4a2f-9f8d-12275b3c8052,saurav prashar,https://play-lh.googleusercontent.com/a-/ALV-UjUbYT_f7QrdCm2X2K5VvblTgpNBzVV_54V6t06sLvFEEZDCCUpN,"I am incredibly disappointed and furious with Instagram. Out of nowhere, they permanently disabled my account for absolutely no reason. I haven’t violated a single community guideline, yet my entire digital footprint has been wiped out instantly. This isn't just an app; it’s a platform where people store years of memories, connect with loved ones, and build businesses. By arbitrarily shutting down accounts without giving a proper explanation or any real way to appeal, they are literally playing",1,0,422.0.0.44.64,2026-05-16 19:54:20,,,422.0.0.44.64
ce120532-1595-4a4b-8664-b7c2c422954b,Star Phaxce,https://play-lh.googleusercontent.com/a-/ALV-UjVO9_ax15GroMjbIrNWNedNF85TRJFcwBO8eKzhmAKA1tGYuy4,Kiss,5,0,429.1.0.44.70,2026-05-16 19:54:10,,,429.1.0.44.70
2a48abe6-6951-4064-bac3-4370126391cb,afjal kh,https://play-lh.googleusercontent.com/a-/ALV-UjWvr_2lztpnj-ickqpbWN__M9821VPh6VuQBSiW994m_v6AtH8,"worst experience unnecessary banned my account I didn't do anything against community still ban 😭 even new accounts getting banned what should I do now , plz fix this issue",1,0,,2026-05-16 19:53:58,,,
bdff02a0-67d8-4a74-9ff6-7dcb3e141db1,Finzz GG,https://play-lh.googleusercontent.com/a-/ALV-UjUazxrxuN4GSVGVAlRHyK68R7V_OZNP9qFrOxEa62iCazxcm4NH,"udh cape scroll foto, pas dipnct malah ga kekirim",1,0,429.1.0.44.70,2026-05-16 19:53:57,,,429.1.0.44.70
8572a299-29d0-4236-ba79-8d1d826600e9,Marina Aktar,https://play-lh.googleusercontent.com/a/ACg8ocI1ZyMSz_jd0U3wYZRBr3EAQg4u8PDEcV5BIJAr6lNYn1wG9g=mo,nice app,5,0,,2026-05-16 19:53:51,,,
d1df4355-bb71-428d-9953-5ab7d6cf9ec8,Fasegov,https://play-lh.googleusercontent.com/a-/ALV-UjWR7l5yKrgcOgSUYxh7bfWQ_IWNUY_83x_gt19SZeT1IX0hN5dv,why my reels on feeds can't open full screen? my phone is poco f7,5,0,428.0.0.47.67,2026-05-16 19:53:50,,,428.0.0.47.67
8dbb8400-a3ef-4bdc-a3e0-cc6c647eb685,Vijay Varma,https://play-lh.googleusercontent.com/a-/ALV-UjXVcFabyjpclEwZLXBe8BwStGKPHUBfIzepBO0WUW0hgjV9F2Z0,naic aap 👍🏻,5,0,401.0.0.48.79,2026-05-16 19:53:50,,,401.0.0.48.79
bd21da80-9fce-4245-b082-f0e0e6c1a07c,Parveen 12,https://play-lh.googleusercontent.com/a-/ALV-UjXtOZsOvZheyu7Lgp-PDtZ75oQ4A9M0FxK9SEVCPc-_bfMc3lTv,bad,1,1,429.1.0.44.70,2026-05-16 19:53:46,,,429.1.0.44.70
b0784fc8-d10e-4901-8bfc-194286bd7a34,Vani L,https://play-lh.googleusercontent.com/a/ACg8ocJlmXF-b2c6luiCzaJkQ5R5ECjRtLTnODNpk0IQQ_scnBlqVg=mo,nice,5,0,,2026-05-16 19:53:41,,,
